{
  "choicePolicy0": 0.9257576431621396,
  "choicePolicy1": 0.7534911447621261,
  "choicePolicy2": 0.8357016822747773,
  "choicePolicy3": 0.7046063461138606,
  "choicePolicy4": 1.0
}