{
  "solnPolicy": 0.854423753905749,
  "altPolicy1": 0.8942254782394965
}