{
  "altPolicy3": 0.946681669275514,
  "solnPolicy": 0.9656382675579895,
  "altPolicy1": 0.9707170955523513,
  "altPolicy2": 0.9171577279776988
}