{
  "solnPolicy": 0.9814551940494313,
  "altPolicy1": 0.962847438614772,
  "altPolicy2": 0.9895344290393657
}