{
  "solnPolicy": 0.794310055656529,
  "altPolicy1": 0.8269148552892819,
  "altPolicy2": 0.6038396659555075
}