{
  "solnPolicy": 0.7154623036961244,
  "altPolicy1": 0.6473052230553952,
  "altPolicy2": 0.7550115841422075
}