{
  "altPolicy3": 1.0,
  "solnPolicy": 0.9560300105885842,
  "altPolicy1": 0.9474967732400208,
  "altPolicy2": 0.7992619455411824
}