{
  "solnPolicy": 0.9263206168093767,
  "altPolicy1": 0.966217209837397,
  "altPolicy2": 0.8812162368749024
}