{
  "choicePolicy0": 0.836080317331618,
  "choicePolicy1": 0.9168098393663925,
  "choicePolicy2": 1.0,
  "choicePolicy3": 0.9539428461018035,
  "choicePolicy4": 0.8830159485016179
}