{
  "solnPolicy": 1.0,
  "altPolicy1": 0.994248734148632,
  "altPolicy2": 0.9970658773093609
}