{
  "solnPolicy": 0.9461086122701691,
  "altPolicy1": 0.9093565479447263,
  "altPolicy2": 0.960666302966266
}