{
  "solnPolicy": 0.9564831371139102,
  "altPolicy1": 0.96074386128134,
  "altPolicy2": 0.992979731001385
}