{
  "choicePolicy0": 0.9047834531181134,
  "choicePolicy1": 0.9562214282460322,
  "choicePolicy2": 0.8870786517070401,
  "choicePolicy3": 1.0,
  "choicePolicy4": 0.9297282568570263
}