{
  "solnPolicy": 1.0,
  "altPolicy1": 0.9970015155277152,
  "altPolicy2": 0.9954350732762641
}