{
  "solnPolicy": 0.9583711466625278,
  "altPolicy1": 0.9556730576056132
}