{
  "solnPolicy": 0.8187035190483044,
  "altPolicy1": 0.7775118823209081,
  "altPolicy2": 0.8562109772335054
}