{
  "solnPolicy": 0.7169162615666553,
  "altPolicy1": 0.7298908346338664,
  "altPolicy2": 0.6971658510409824
}