{
  "solnPolicy": 0.8819225944759314,
  "altPolicy1": 0.9264540696189997,
  "altPolicy2": 0.8359570670100024
}