{
  "choicePolicy0": 0.6085512029904304,
  "choicePolicy1": 0.9999999999999998,
  "choicePolicy2": 0.5696318197088057,
  "choicePolicy3": 0.8538540426372907,
  "choicePolicy4": 0.7437757102019913
}