{
  "choicePolicy0": 0.8538540426372907,
  "choicePolicy1": 0.5696318197088057,
  "choicePolicy2": 1.0,
  "choicePolicy3": 0.7437757102019913,
  "choicePolicy4": 0.6085512029904304
}