{
  "solnPolicy": 1.0,
  "altPolicy1": 0.996690350427844,
  "altPolicy2": 0.9998577238180869
}