{
  "solnPolicy": 0.9844501137535963,
  "altPolicy1": 0.8913108742571568,
  "altPolicy2": 1.0
}