{
  "solnPolicy": 0.7362990129970978,
  "altPolicy1": 0.6842397034572228,
  "altPolicy2": 0.7923470018055545
}