{
  "solnPolicy": 0.7854683348303986,
  "altPolicy1": 0.8330834580214813
}