{
  "solnPolicy": 0.7342825397414577,
  "altPolicy1": 0.7710772118172484
}