{
  "agentPolicy3": 0.9750559160966407,
  "agentPolicy4": 0.9586386640413037,
  "agentPolicy0": 1.0,
  "agentPolicy1": 0.9252392683025226,
  "agentPolicy2": 0.9967279101335538
}