{
  "agentPolicy3": 0.8542570478235372,
  "agentPolicy4": 0.9195450108319375,
  "agentPolicy0": 1.0,
  "agentPolicy1": 0.9939295962695718,
  "agentPolicy2": 0.9985842547157017
}