{
  "agentPolicy3": 0.9779093526537228,
  "agentPolicy0": 1.0,
  "agentPolicy1": 0.979016270751618,
  "agentPolicy2": 0.9931965908771745
}