{
  "solnPolicy": 0.7959610133779068,
  "altPolicy1": 0.8608844793832224,
  "altPolicy2": 0.6632729962979446
}