{
  "solnPolicy": 1.0,
  "altPolicy1": 0.9585405168903339,
  "altPolicy2": 0.9970627851541871
}