{
  "choicePolicy0": 0.9638902559213718,
  "choicePolicy1": 0.8427995358270096,
  "choicePolicy2": 1.0
}