{
  "solnPolicy": 0.9407394435138936,
  "altPolicy1": 0.8566177262756915
}