{
  "choicePolicy0": 0.8311367341018567,
  "choicePolicy1": 1.0,
  "choicePolicy2": 0.8914478368129972,
  "choicePolicy3": 0.9659467861831299
}