{
  "solnPolicy": 0.9510542525931718,
  "altPolicy1": 1.0,
  "altPolicy2": 0.7946528437516052
}