{
  "solnPolicy": 0.6336286435816146,
  "altPolicy1": 0.7256901694005443,
  "altPolicy2": 0.4970624821441511
}