{
  "altPolicy3": 0.9094761856066997,
  "solnPolicy": 0.9536039025310216,
  "altPolicy1": 0.9768932383390252,
  "altPolicy2": 0.9042149403021442
}