{
  "solnPolicy": 1.0,
  "altPolicy1": 0.9479933949003955,
  "altPolicy2": 0.9322680417037245
}