{
  "solnPolicy": 0.7731503841176088,
  "altPolicy1": 0.8053999811292949
}