{
  "altPolicy3": 1.0,
  "solnPolicy": 0.9746569590747834,
  "altPolicy1": 0.8712179647275812,
  "altPolicy2": 0.9275618094257123
}