{
  "altPolicy3": 0.3704564270069968,
  "solnPolicy": 0.39305907422033237,
  "altPolicy1": 0.43224862240629286,
  "altPolicy2": 0.2645742630491714
}