{
  "altPolicy3": 0.9484751740780077,
  "solnPolicy": 0.951188478576049,
  "altPolicy1": 1.0,
  "altPolicy2": 0.9470573971647722
}