{
  "solnPolicy": 0.9745529927062125,
  "altPolicy1": 1.0,
  "altPolicy2": 0.947115202505463
}