{
  "solnPolicy": 0.8515692060946614,
  "altPolicy1": 0.8754643077786884,
  "altPolicy2": 0.7181448109665647
}