{
  "solnPolicy": 0.9509848809546831,
  "altPolicy1": 0.9432859956570061,
  "altPolicy2": 0.9506523910646095
}