{
  "solnPolicy": 0.9166938669205715,
  "altPolicy1": 0.8828861660873618
}