{
  "solnPolicy": 0.9031163880631522,
  "altPolicy1": 0.8875601065405561,
  "altPolicy2": 0.9224028286773635
}