{
  "solnPolicy": 0.9384252080398215,
  "altPolicy1": 0.933677838115137,
  "altPolicy2": 0.9312055526719369
}