{
  "choicePolicy0": 0.8537460921896399,
  "choicePolicy1": 1.0,
  "choicePolicy2": 0.7323799737775856,
  "choicePolicy3": 0.9679015449080431,
  "choicePolicy4": 0.8758637022044161
}