{
  "altPolicy3": 0.7315548312136076,
  "solnPolicy": 0.7196001947585202,
  "altPolicy1": 0.6846542273021539,
  "altPolicy2": 0.7901229527276578
}