{
  "solnPolicy": 0.9080537143063513,
  "altPolicy1": 0.9137008716694552
}