{
  "solnPolicy": 0.8987793855735293,
  "altPolicy1": 0.8679526495122724,
  "altPolicy2": 0.9544635512352567
}