{
  "altPolicy3": 0.9768610779042268,
  "solnPolicy": 0.9898185690360981,
  "altPolicy1": 1.0,
  "altPolicy2": 0.8523994360115933
}