{
  "solnPolicy": 0.9939295962695718,
  "altPolicy1": 0.9635855314577398,
  "altPolicy2": 1.0
}