{
  "solnPolicy": 0.8315039791019683,
  "altPolicy1": 0.8707636623053826,
  "altPolicy2": 0.688499635157638
}