{
  "agentPolicy3": 0.9914247673434831,
  "agentPolicy4": 0.9778097588768411,
  "agentPolicy5": 0.9033925238253732,
  "agentPolicy0": 1.0,
  "agentPolicy1": 0.9578950539822972,
  "agentPolicy2": 0.9461781427343238
}