{
  "agentPolicy3": 0.9822770722261879,
  "agentPolicy4": 0.9605728249538451,
  "agentPolicy0": 1.0,
  "agentPolicy1": 0.9919384753529039,
  "agentPolicy2": 0.9152797802937107
}