{
  "agentPolicy3": 0.9171427659259821,
  "agentPolicy4": 0.8319907803935981,
  "agentPolicy0": 1.0,
  "agentPolicy1": 0.978178355496058,
  "agentPolicy2": 0.8867488288692138
}