{
  "solnPolicy": 1.0,
  "altPolicy1": 0.9033321871606309,
  "altPolicy2": 0.9730180362814319
}