{
  "solnPolicy": 0.8054578858671785,
  "altPolicy1": 0.8205706637277221,
  "altPolicy2": 0.7794371374258616
}