{
  "agentPolicy3": 0.9955552290942685,
  "agentPolicy4": 0.8049930752855291,
  "agentPolicy5": 0.9458084230047279,
  "agentPolicy6": 0.94183137936262,
  "agentPolicy0": 1.0,
  "agentPolicy1": 0.7854683348303986,
  "agentPolicy2": 0.9626193964008596,
  "agentPolicy7": 0.7943263480739482
}