{
  "0.1 E[collision]": 1.3147328431965157,
  "1 intrusive-penalty": 4.382442810655052,
  "1 minute": 1.0
}