{
  "solnPolicy": 1.0,
  "altPolicy1": 0.8288761448527263,
  "altPolicy2": 0.9100469453530228
}