{
  "solnPolicy": 0.880012819879906,
  "altPolicy1": 0.8148674058645377,
  "altPolicy2": 0.9316670841175818
}