{
  "solnPolicy": 0.9252392683025226,
  "altPolicy1": 0.8453288978300365,
  "altPolicy2": 0.9405233604222757
}