{
  "solnPolicy": 0.9409433662858296,
  "altPolicy1": 0.9698955090670635
}