{
  "solnPolicy": 0.9959848754816245,
  "altPolicy1": 1.0,
  "altPolicy2": 0.9837437436208478
}