{
  "solnPolicy": 0.5124300526845799,
  "altPolicy1": 0.5243743892375933,
  "altPolicy2": 0.5602798689071824
}