{
  "agentPolicy0": 1.0,
  "agentPolicy1": 0.980785935297943,
  "agentPolicy2": 0.9409433662858296
}