{
  "solnPolicy": 0.9033925238253732,
  "altPolicy1": 0.8492723555524847,
  "altPolicy2": 0.9763309257460608
}