{
  "solnPolicy": 0.8766357518750376,
  "altPolicy1": 1.0,
  "altPolicy2": 0.7688311216721074
}