{
  "solnPolicy": 0.9891718265504762,
  "altPolicy1": 0.9601600031245442,
  "altPolicy2": 0.9995750756971475
}