{
  "agentPolicy0": 1.0,
  "agentPolicy1": 0.9572360129130236,
  "agentPolicy2": 0.9186459671581257
}