{
  "agentPolicy0": 1.0,
  "agentPolicy1": 0.9130447840281085,
  "agentPolicy2": 0.96475212780072
}