{
  "0.1 E[collision]": 0.03,
  "1 intrusive-penalty": 0.19999999999999998,
  "1 minute": 0.0024238320141675707
}