{
  "0.1 E[collision]": 12.37709536991286,
  "1 intrusive-penalty": 82.5139691327524,
  "1 minute": 1.0
}