{
  "agentPolicy0": 1.0,
  "agentPolicy1": 0.9532224906672887,
  "agentPolicy2": 0.9789033958073767
}