{
  "agentPolicy0": 1.0,
  "agentPolicy1": 0.9722104544542871,
  "agentPolicy2": 0.9911569232803801
}