{
  "choicePolicy0": 0.910505635785595,
  "choicePolicy1": 1.0,
  "choicePolicy2": 0.9507355087732804,
  "choicePolicy3": 0.9928915388767043
}