{
  "choicePolicy0": 0.9928915388767043,
  "choicePolicy1": 0.910505635785595,
  "choicePolicy2": 1.0,
  "choicePolicy3": 0.9507355087732804
}