{
  "solnPolicy": 0.8679526495122724,
  "altPolicy1": 0.8987793855735293,
  "altPolicy2": 0.7418676554150108
}