{
  "choicePolicy0": 0.9063125365220132,
  "choicePolicy1": 0.9622669716154864,
  "choicePolicy2": 0.9408857495483542,
  "choicePolicy3": 1.0,
  "choicePolicy4": 0.9844158731906077
}