{
  "solnPolicy": 0.9873246667091707,
  "altPolicy1": 0.9774046718471147,
  "altPolicy2": 0.9646484734134473
}