{
  "altPolicy3": 1.0,
  "solnPolicy": 0.822774672367934,
  "altPolicy1": 0.5881998213015407,
  "altPolicy2": 0.8176158884828956
}