{
  "agentPolicy3": 0.9583711466625278,
  "agentPolicy4": 0.9970627851541871,
  "agentPolicy5": 0.9968795292181317,
  "agentPolicy6": 0.9477478325067821,
  "agentPolicy0": 1.0,
  "agentPolicy1": 0.9707117362035195,
  "agentPolicy2": 0.9388903607870098,
  "agentPolicy7": 0.993960590004361
}