{
  "0.1 E[collision]": 1.7190410235990086,
  "1 intrusive-penalty": 11.460273490660056,
  "1 minute": 1.0
}