{
  "solnPolicy": 0.9019593907426455,
  "altPolicy1": 0.8810694175395738,
  "altPolicy2": 0.8995000587915356
}