{
  "agentPolicy0": 1.0,
  "agentPolicy1": 0.9799083249470624,
  "agentPolicy2": 0.8617154556794141
}