{
  "0.1 E[collision]": 2.0628492283188105,
  "1 intrusive-penalty": 2.2920546981320116,
  "1 minute": 1.0
}