{
  "solnPolicy": 0.9673269083760915,
  "altPolicy1": 1.0,
  "altPolicy2": 0.8001681092315112
}