{
  "solnPolicy": 0.7204398562263791,
  "altPolicy1": 0.7187653688024604,
  "altPolicy2": 0.8932840920106297
}