{
  "agentPolicy3": 0.8920475498072494,
  "agentPolicy4": 0.842704496574228,
  "agentPolicy5": 0.688544095592893,
  "agentPolicy0": 1.0,
  "agentPolicy1": 0.9000908519541642,
  "agentPolicy2": 0.9420431812809188
}