{
  "agentPolicy3": 0.9829442600523658,
  "agentPolicy4": 0.9876078867951039,
  "agentPolicy0": 1.0,
  "agentPolicy1": 0.9279615249259838,
  "agentPolicy2": 0.9368984738762759
}