{
  "agentPolicy3": 0.9076550385781763,
  "agentPolicy4": 0.8707079341492757,
  "agentPolicy5": 0.9241173819478962,
  "agentPolicy6": 0.9074686345199441,
  "agentPolicy0": 1.0,
  "agentPolicy1": 0.8357194948637789,
  "agentPolicy2": 0.9488715161112287,
  "agentPolicy7": 0.7954699076433164
}