{
  "0.1 E[collision]": 7.888397059179093,
  "1 intrusive-penalty": 4.382442810655052,
  "1 minute": 1.0
}