{
  "0.1 E[collision]": 0.06,
  "1 intrusive-penalty": 0.03333333333333333,
  "1 minute": 0.007606108002662319
}