{
  "choicePolicy0": 1.0,
  "choicePolicy1": 0.9314245166418218,
  "choicePolicy2": 0.9410697203125044,
  "choicePolicy3": 0.9629190176556289,
  "choicePolicy4": 0.8865761236975335
}