{
  "solnPolicy": 0.842704496574228,
  "altPolicy1": 0.8920475498072494,
  "altPolicy2": 0.8626347247237314
}