{
  "solnPolicy": 0.9118930868277274,
  "altPolicy1": 0.850217902227621,
  "altPolicy2": 0.9532247557948064
}