{
  "solnPolicy": 0.9750832626229392,
  "altPolicy1": 0.9291174638297139,
  "altPolicy2": 0.979871367823368
}