{
  "choicePolicy0": 0.963376721389256,
  "choicePolicy1": 0.8520675642606828,
  "choicePolicy2": 1.0,
  "choicePolicy3": 0.6990672147283873,
  "choicePolicy4": 0.8002922088924893
}