{
  "altPolicy3": 0.6852929910234188,
  "solnPolicy": 0.6851813233538842,
  "altPolicy1": 0.7169707206235703,
  "altPolicy2": 0.7029877363179002
}