{
  "solnPolicy": 0.9025207409533876,
  "altPolicy1": 0.7112003647303345,
  "altPolicy2": 0.9945565218031058
}