{
  "solnPolicy": 0.9895344290393657,
  "altPolicy1": 0.9814551940494313,
  "altPolicy2": 0.9917496775795189
}