{
  "solnPolicy": 0.7685341979122475,
  "altPolicy1": 0.8000334528774937,
  "altPolicy2": 0.7079377088549362
}