{
  "solnPolicy": 1.0,
  "altPolicy1": 0.8231520480382974,
  "altPolicy2": 0.9568118048345754
}