{
  "solnPolicy": 0.9132632825976068,
  "altPolicy1": 1.0,
  "altPolicy2": 0.8985302081480251
}