{
  "solnPolicy": 0.96475212780072,
  "altPolicy1": 0.9813320199384992,
  "altPolicy2": 0.9130447840281085
}