{
  "solnPolicy": 0.9076550385781763,
  "altPolicy1": 0.9241173819478962,
  "altPolicy2": 0.9074686345199441
}