{
  "solnPolicy": 0.930700104097472,
  "altPolicy1": 0.8524569955702701,
  "altPolicy2": 0.9272179074928489
}