{
  "solnPolicy": 0.7907534893541966,
  "altPolicy1": 0.7373329778487829,
  "altPolicy2": 0.8985302081480251
}