{
  "agentPolicy0": 1.0,
  "agentPolicy1": 0.9190685506764515,
  "agentPolicy2": 0.9587598377748149
}