{
  "solnPolicy": 1.0,
  "altPolicy1": 0.9854899467789661,
  "altPolicy2": 0.9950136592087536
}