{
  "solnPolicy": 0.8047556527075218,
  "altPolicy1": 0.8299722753994996,
  "altPolicy2": 0.7965481672810253
}