{
  "solnPolicy": 0.6956086792138055,
  "altPolicy1": 0.7213137092648562,
  "altPolicy2": 0.8242190493090253
}