{
  "altPolicy3": 0.7316054968721296,
  "solnPolicy": 0.7079377088549362,
  "altPolicy1": 0.7345794597846335,
  "altPolicy2": 0.6956086792138055
}