{
  "agentPolicy0": 1.0,
  "agentPolicy1": 0.916178337928573,
  "agentPolicy2": 0.9860914713680212
}