{
  "agentPolicy3": 0.9544324320291236,
  "agentPolicy4": 0.7946528437516052,
  "agentPolicy5": 0.6851813233538842,
  "agentPolicy6": 0.9510542525931718,
  "agentPolicy0": 1.0,
  "agentPolicy1": 0.7029877363179002,
  "agentPolicy2": 0.722775988207121,
  "agentPolicy7": 0.8187035190483044,
  "agentPolicy8": 0.6852929910234188
}