{
  "agentPolicy0": 1.0,
  "agentPolicy1": 0.96739615283986,
  "agentPolicy2": 0.9208560407888383
}