{
  "0.1 E[collision]": 8.251396913275242,
  "1 intrusive-penalty": 27.504656377584134,
  "1 minute": 1.0
}