{
  "altPolicy3": 0.8286747434463387,
  "solnPolicy": 0.8505272820980246,
  "altPolicy1": 0.8616923118631732,
  "altPolicy2": 0.8818582364147343
}