{
  "agentPolicy3": 0.694078019624659,
  "agentPolicy4": 0.7017945380079096,
  "agentPolicy5": 0.9757792650596413,
  "agentPolicy6": 0.7795272526204519,
  "agentPolicy0": 1.0,
  "agentPolicy1": 0.9998577238180869,
  "agentPolicy2": 0.6984894743106105,
  "agentPolicy7": 0.7700182397400982
}