{
  "agentPolicy3": 0.9816708539623398,
  "agentPolicy4": 0.8844022951880262,
  "agentPolicy5": 0.956889652677512,
  "agentPolicy6": 0.7731503841176088,
  "agentPolicy0": 1.0,
  "agentPolicy1": 0.9768610779042268,
  "agentPolicy2": 0.8778245236721877,
  "agentPolicy7": 0.9688423196629504
}