{
  "0.1 E[collision]": 11.832595588768637,
  "1 intrusive-penalty": 13.147328431965152,
  "1 minute": 1.0
}