{
  "solnPolicy": 0.9842355800581305,
  "altPolicy1": 0.944523874086078,
  "altPolicy2": 1.0
}