{
  "solnPolicy": 0.45985836574315186,
  "altPolicy1": 0.5150705092569682,
  "altPolicy2": 0.4507301812712048
}