{
  "solnPolicy": 0.7965481672810253,
  "altPolicy1": 0.8148674058645377,
  "altPolicy2": 0.8047556527075218
}