{
  "choicePolicy0": 1.0,
  "choicePolicy1": 0.9341953358556176,
  "choicePolicy2": 0.8550464273733264
}