{
  "solnPolicy": 0.9816708539623398,
  "altPolicy1": 0.956889652677512,
  "altPolicy2": 0.9688423196629504
}