{
  "agentPolicy3": 0.9536039025310216,
  "agentPolicy4": 0.8789365853880131,
  "agentPolicy5": 0.9394532426578897,
  "agentPolicy6": 0.9844501137535963,
  "agentPolicy0": 1.0,
  "agentPolicy1": 0.7770780565939581,
  "agentPolicy2": 0.9094761856066997,
  "agentPolicy7": 0.7937345609820601
}