{
  "0.1 E[collision]": 3.438082047198017,
  "1 intrusive-penalty": 5.730136745330028,
  "1 minute": 1.0
}