{
  "solnPolicy": 0.7651034481348354,
  "altPolicy1": 0.7322814932023043
}