{
  "solnPolicy": 0.9584193065903407,
  "altPolicy1": 0.9616694466744248,
  "altPolicy2": 0.923153897073793
}