{
  "agentPolicy0": 1.0,
  "agentPolicy1": 0.9407569059801718,
  "agentPolicy2": 0.8616298007834926
}