{
  "0.1 E[collision]": 8.251396913275242,
  "1 intrusive-penalty": 4.584109396264023,
  "1 minute": 1.0
}