{
  "solnPolicy": 0.9420431812809188,
  "altPolicy1": 0.9119599548940543,
  "altPolicy2": 0.964277969682397
}