{
  "solnPolicy": 0.9365209543358145,
  "altPolicy1": 0.9406053086348894,
  "altPolicy2": 0.9792925362868125
}