{
  "altPolicy3": 0.9898185690360981,
  "solnPolicy": 0.9768610779042268,
  "altPolicy1": 0.9708670613389276,
  "altPolicy2": 0.8844022951880262
}