{
  "solnPolicy": 1.0,
  "altPolicy1": 0.822774672367934,
  "altPolicy2": 0.9923897422774974
}