{
  "solnPolicy": 0.7683896781817299,
  "altPolicy1": 0.799215189478603
}