{
  "altPolicy3": 0.835884477581746,
  "solnPolicy": 0.7697313536939433,
  "altPolicy1": 0.6486493823364631,
  "altPolicy2": 0.8121984892022645
}