{
  "solnPolicy": 0.7995294182214536,
  "altPolicy1": 0.7366648327392944,
  "altPolicy2": 0.8359570670100024
}