{
  "solnPolicy": 0.9978822809973936,
  "altPolicy1": 1.0,
  "altPolicy2": 0.9913757842867511
}