{
  "altPolicy3": 0.9297413830524165,
  "solnPolicy": 1.0,
  "altPolicy1": 0.966058323878408,
  "altPolicy2": 0.9954271788734719
}