{
  "solnPolicy": 0.8667989933671756,
  "altPolicy1": 0.8444402696029604,
  "altPolicy2": 0.8847540330839161
}