{
  "solnPolicy": 0.8258670958103539,
  "altPolicy1": 0.7519037556414925,
  "altPolicy2": 0.8843708273811562
}