{
  "solnPolicy": 0.8146789873479069,
  "altPolicy1": 0.8715151395465146,
  "altPolicy2": 0.711071008988453
}