{
  "solnPolicy": 0.9757792650596413,
  "altPolicy1": 0.8569629259791617
}