{
  "choicePolicy0": 0.903167687978814,
  "choicePolicy1": 1.0,
  "choicePolicy2": 0.9887541591653499,
  "choicePolicy3": 0.8610214865811527,
  "choicePolicy4": 0.9648559920253909
}