{
  "agentPolicy3": 0.9459055586491577,
  "agentPolicy4": 0.9552771335581611,
  "agentPolicy5": 0.926592965179512,
  "agentPolicy0": 1.0,
  "agentPolicy1": 0.8478701370923795,
  "agentPolicy2": 0.8074150607785446
}