{
  "agentPolicy3": 0.9529665016552114,
  "agentPolicy4": 0.8884305175634668,
  "agentPolicy0": 1.0,
  "agentPolicy1": 0.9772409344948471,
  "agentPolicy2": 0.921362567868691
}