{
  "0.1 E[collision]": 9.860496323973866,
  "1 intrusive-penalty": 5.478053513318814,
  "1 minute": 1.0
}