{
  "choicePolicy0": 0.8775702905592145,
  "choicePolicy1": 0.9787054450355578,
  "choicePolicy2": 1.0,
  "choicePolicy3": 0.892897860224445,
  "choicePolicy4": 0.897633175021461
}