{
  "choicePolicy0": 1.0,
  "choicePolicy1": 0.9802641581406593,
  "choicePolicy2": 0.9913024366749947
}