{
  "agentPolicy3": 0.9945565218031058,
  "agentPolicy4": 0.919284860868689,
  "agentPolicy5": 0.7764006920177879,
  "agentPolicy0": 1.0,
  "agentPolicy1": 0.9080537143063513,
  "agentPolicy2": 0.965255279309377
}