{
  "agentPolicy3": 0.9569200802704441,
  "agentPolicy4": 0.9642572300485324,
  "agentPolicy0": 1.0,
  "agentPolicy1": 0.9832702995066974,
  "agentPolicy2": 0.9839624237974045
}