{
  "0.1 E[collision]": 0.04000000000000001,
  "1 intrusive-penalty": 0.13333333333333333,
  "1 minute": 0.004056590934753237
}