{
  "agentPolicy3": 0.966300613612574,
  "agentPolicy4": 0.9959848754816245,
  "agentPolicy0": 1.0,
  "agentPolicy1": 0.9270903873235097,
  "agentPolicy2": 0.9798578461932249
}