{
  "solnPolicy": 0.8963018322797797,
  "altPolicy1": 0.9093565479447263
}