{
  "solnPolicy": 0.9749461205050954,
  "altPolicy1": 0.9793606896803034,
  "altPolicy2": 0.9756938950172952
}