{
  "solnPolicy": 0.9614793983469433,
  "altPolicy1": 0.9214878581379791,
  "altPolicy2": 1.0
}