{
  "solnPolicy": 0.9083987485972166,
  "altPolicy1": 0.92450255708728,
  "altPolicy2": 0.8266855063234054
}