{
  "choicePolicy0": 0.9234519246993645,
  "choicePolicy1": 0.9859210720846961,
  "choicePolicy2": 0.8233346556762853,
  "choicePolicy3": 0.9645218552312222,
  "choicePolicy4": 1.0
}