{
  "choicePolicy0": 0.9234519246993644,
  "choicePolicy1": 0.8233346556762853,
  "choicePolicy2": 0.9645218552312222,
  "choicePolicy3": 1.0,
  "choicePolicy4": 0.9859210720846961
}