{
  "solnPolicy": 0.9707117362035195,
  "altPolicy1": 0.9970627851541871,
  "altPolicy2": 0.9633243697167527
}