{
  "solnPolicy": 0.8465889043075798,
  "altPolicy1": 0.8952048294564457
}