{
  "solnPolicy": 1.0,
  "altPolicy1": 0.9933798495456768,
  "altPolicy2": 0.9969473229503877
}