{
  "solnPolicy": 0.926592965179512,
  "altPolicy1": 0.9092692019327339,
  "altPolicy2": 0.9229823808885644
}