{
  "solnPolicy": 0.9331095576623232,
  "altPolicy1": 0.8843708273811562,
  "altPolicy2": 0.9592468002659921
}