{
  "solnPolicy": 0.8707636623053826,
  "altPolicy1": 0.8315039791019683,
  "altPolicy2": 0.9261957962136894
}