{
  "solnPolicy": 0.9603448385041934,
  "altPolicy1": 0.9646003261113183,
  "altPolicy2": 0.9449832182477351
}