{
  "solnPolicy": 0.9018362778645941,
  "altPolicy1": 0.9378313802277771
}