{
  "solnPolicy": 0.9178441816633768,
  "altPolicy1": 0.9365474085969893
}