{
  "solnPolicy": 0.711071008988453,
  "altPolicy1": 0.7539891902632737,
  "altPolicy2": 0.4846664550543352
}