{
  "solnPolicy": 0.9094761856066997,
  "altPolicy1": 0.9536039025310216,
  "altPolicy2": 0.8644444560433014
}