{
  "solnPolicy": 0.7700182397400982,
  "altPolicy1": 0.8569629259791617,
  "altPolicy2": 0.694078019624659
}