{
  "solnPolicy": 0.7844530134327591,
  "altPolicy1": 0.7541454523236153,
  "altPolicy2": 0.807554884407406
}