{
  "altPolicy3": 0.922615429553154,
  "solnPolicy": 0.9792925362868125,
  "altPolicy1": 0.9837593702555336,
  "altPolicy2": 0.9564831371139102
}