{
  "altPolicy3": 0.4438426782854647,
  "solnPolicy": 0.4917988016571584,
  "altPolicy1": 0.5430662560720114,
  "altPolicy2": 0.5479882168679966
}