{
  "agentPolicy3": 0.8519513819105168,
  "agentPolicy4": 0.8019306720055352,
  "agentPolicy0": 1.0,
  "agentPolicy1": 0.7154623036961244,
  "agentPolicy2": 0.9532420470987046
}