{
  "0.1 E[collision]": 4.930248161986934,
  "1 intrusive-penalty": 8.21708026997822,
  "1 minute": 1.0
}