{
  "solnPolicy": 1.0,
  "altPolicy1": 0.994260885723653,
  "altPolicy2": 0.9997527084115618
}