{
  "agentPolicy0": 1.0,
  "agentPolicy1": 0.9728227411261963,
  "agentPolicy2": 0.8465889043075798
}