{
  "solnPolicy": 0.9926255348617811,
  "altPolicy1": 0.9942332267443211,
  "altPolicy2": 0.8913063911166921
}