{
  "choicePolicy0": 0.8120985948763612,
  "choicePolicy1": 1.0,
  "choicePolicy2": 0.8703164340184074,
  "choicePolicy3": 0.9482595279799
}