{
  "choicePolicy0": 0.9482595279799,
  "choicePolicy1": 0.8120985948763612,
  "choicePolicy2": 1.0,
  "choicePolicy3": 0.8703164340184074
}