{
  "choicePolicy0": 0.9637677576878892,
  "choicePolicy1": 1.0,
  "choicePolicy2": 0.9170170933858374
}