{
  "agentPolicy3": 0.9586369408756424,
  "agentPolicy4": 0.8439435724663553,
  "agentPolicy5": 0.8695420942547104,
  "agentPolicy6": 0.8247756467479292,
  "agentPolicy0": 1.0,
  "agentPolicy1": 0.8356777703815339,
  "agentPolicy2": 0.9997527084115618,
  "agentPolicy7": 0.8908741569044816
}