{
  "0.1 E[collision]": 3.438082047198017,
  "1 intrusive-penalty": 34.380820471980165,
  "1 minute": 1.0
}