{
  "0.1 E[collision]": 0.020000000000000004,
  "1 intrusive-penalty": 0.19999999999999998,
  "1 minute": 0.00581719683400217
}