{
  "altPolicy3": 0.9748112844203676,
  "solnPolicy": 0.9688423196629504,
  "altPolicy1": 0.8778245236721877,
  "altPolicy2": 0.9474650291512302
}