{
  "altPolicy3": 0.9766019317370958,
  "solnPolicy": 0.9532247557948064,
  "altPolicy1": 0.9118930868277274,
  "altPolicy2": 0.8076453049825556
}