{
  "solnPolicy": 0.7597482123565084,
  "altPolicy1": 0.7758521804894184
}