{
  "solnPolicy": 0.9602453729196355,
  "altPolicy1": 0.9819718352941701
}