{
  "solnPolicy": 0.7770780565939581,
  "altPolicy1": 0.8132767770215842
}