{
  "solnPolicy": 0.5601072529871011,
  "altPolicy1": 0.47741293543004815,
  "altPolicy2": 0.6828371055051908
}