{
  "solnPolicy": 0.8205706637277221,
  "altPolicy1": 0.8054578858671785,
  "altPolicy2": 0.9639584511632538
}