{
  "solnPolicy": 0.9908538037144545,
  "altPolicy1": 0.9756938950172952,
  "altPolicy2": 0.9750867217543189
}