{
  "altPolicy3": 0.711756759240104,
  "solnPolicy": 0.8873949552577782,
  "altPolicy1": 0.8886796243667182,
  "altPolicy2": 0.9926255348617811
}