{
  "solnPolicy": 0.8268457173872479,
  "altPolicy1": 0.877072981497495
}