{
  "choicePolicy0": 0.9197709087384299,
  "choicePolicy1": 1.0,
  "choicePolicy2": 0.9503177400085586,
  "choicePolicy3": 0.985088047367213
}