{
  "choicePolicy0": 0.985088047367213,
  "choicePolicy1": 0.9197709087384299,
  "choicePolicy2": 1.0,
  "choicePolicy3": 0.9503177400085586
}