{
  "solnPolicy": 1.0,
  "altPolicy1": 0.9889817235801237,
  "altPolicy2": 0.9943641829056831
}