{
  "altPolicy3": 0.8919860857633225,
  "solnPolicy": 0.8932840920106297,
  "altPolicy1": 1.0,
  "altPolicy2": 0.8913063911166921
}