{
  "solnPolicy": 0.4970624821441511,
  "altPolicy1": 0.5519962290297352,
  "altPolicy2": 0.3907002260860958
}