{
  "solnPolicy": 0.9950923893832515,
  "altPolicy1": 0.9128885210348376,
  "altPolicy2": 0.9960510284576573
}