{
  "agentPolicy3": 0.9578338635316668,
  "agentPolicy0": 1.0,
  "agentPolicy1": 0.959905480296798,
  "agentPolicy2": 0.9868266563902831
}