{
  "0.1 E[collision]": 4.930248161986933,
  "1 intrusive-penalty": 16.434160539956444,
  "1 minute": 1.0
}