{
  "solnPolicy": 0.9362495149311022,
  "altPolicy1": 0.9322399795627941,
  "altPolicy2": 1.0
}