{
  "solnPolicy": 0.8899622902671864,
  "altPolicy1": 0.842652584807295,
  "altPolicy2": 0.9543154931439856
}