{
  "choicePolicy0": 1.0,
  "choicePolicy1": 0.9460087250792204,
  "choicePolicy2": 0.9542968931068869,
  "choicePolicy3": 0.9823877255336014
}