{
  "choicePolicy0": 0.9460087250792204,
  "choicePolicy1": 0.9542968931068869,
  "choicePolicy2": 0.9823877255336014,
  "choicePolicy3": 1.0
}