{
  "altPolicy3": 0.9656382675579895,
  "solnPolicy": 0.946681669275514,
  "altPolicy1": 0.9638416462735121,
  "altPolicy2": 0.7375450324027425
}