{
  "solnPolicy": 0.8112012199295396,
  "altPolicy1": 0.8758558215195367
}