{
  "solnPolicy": 0.8806885561436543,
  "altPolicy1": 0.9272179074928489,
  "altPolicy2": 0.8434044875906264
}