{
  "choicePolicy0": 1.0,
  "choicePolicy1": 0.9182086667332664,
  "choicePolicy2": 0.91902951876787,
  "choicePolicy3": 0.941800269033779,
  "choicePolicy4": 0.982154650292291
}