{
  "agentPolicy0": 1.0,
  "agentPolicy1": 0.9841130592893889,
  "agentPolicy2": 0.9508237417300088
}