{
  "solnPolicy": 0.7703390500045944,
  "altPolicy1": 0.7043038275317538,
  "altPolicy2": 0.8384743024758449
}