{
  "solnPolicy": 0.8564027885317815,
  "altPolicy1": 0.7921452278737088,
  "altPolicy2": 0.9058173514568165
}