{
  "collision": 1.5999999999999999,
  "travelTime": 133.0352840001666,
  "intrusiveness": {
    "non-intrusive": 10.0,
    "very-intrusive": 2.0,
    "somewhat-intrusive": 0.0
  }
}