{
  "solnPolicy": 0.8758517509023089,
  "altPolicy1": 0.9971662756684209,
  "altPolicy2": 0.8754615041620204
}