{
  "solnPolicy": 0.723127948015013,
  "altPolicy1": 0.6555962314427575,
  "altPolicy2": 0.7856266945542089
}