{
  "solnPolicy": 0.699408951948359,
  "altPolicy1": 0.655171769012453,
  "altPolicy2": 0.7868689523957635
}