{
  "solnPolicy": 0.9190685506764515,
  "altPolicy1": 0.9335517123519461,
  "altPolicy2": 0.5553852975100576
}