{
  "solnPolicy": 1.0,
  "altPolicy1": 0.9924264232551615,
  "altPolicy2": 0.98048252619116
}