{
  "altPolicy3": 0.6846542273021539,
  "solnPolicy": 0.6527544415784965,
  "altPolicy1": 0.6787081317201216,
  "altPolicy2": 0.5268381416835339
}