{
  "solnPolicy": 0.9482044930315444,
  "altPolicy1": 0.8492723555524847,
  "altPolicy2": 0.9914247673434831
}