{
  "agentPolicy3": 0.6632729962979446,
  "agentPolicy4": 0.8608844793832224,
  "agentPolicy5": 0.5487992546304035,
  "agentPolicy6": 0.7959610133779068,
  "agentPolicy0": 1.0,
  "agentPolicy1": 0.5978612240333737,
  "agentPolicy2": 0.5622597456255575,
  "agentPolicy7": 0.7362990129970978,
  "agentPolicy8": 0.5293872061099262
}