{
  "0.1 E[collision]": 7.888397059179093,
  "1 intrusive-penalty": 26.294656863930303,
  "1 minute": 1.0
}