{
  "solnPolicy": 0.9267469091031038,
  "altPolicy1": 0.9371629485395148,
  "altPolicy2": 0.8725291246373231
}