{
  "choicePolicy0": 0.963280528490464,
  "choicePolicy1": 0.9833095637765737,
  "choicePolicy2": 1.0,
  "choicePolicy3": 0.9625844896262508,
  "choicePolicy4": 0.9856364644589842
}