{
  "altPolicy3": 0.9959922876423764,
  "solnPolicy": 0.993960590004361,
  "altPolicy1": 0.9968795292181317,
  "altPolicy2": 0.8757489683226498
}