{
  "solnPolicy": 0.9586369408756424,
  "altPolicy1": 0.904512323335811
}