{
  "altPolicy3": 1.0,
  "solnPolicy": 0.9748651464042826,
  "altPolicy1": 0.9722481199851044,
  "altPolicy2": 0.8229162301246302
}