{
  "solnPolicy": 0.871596943852953,
  "altPolicy1": 0.9011318062061733
}