{
  "solnPolicy": 1.0,
  "altPolicy1": 0.9887482315599877,
  "altPolicy2": 0.980785935297943
}