{
  "solnPolicy": 0.9546090518559677,
  "altPolicy1": 0.8872338700269446,
  "altPolicy2": 1.0
}