{
  "solnPolicy": 0.8651477738694222,
  "altPolicy1": 0.9188638816145083,
  "altPolicy2": 0.8047412857304284
}