{
  "solnPolicy": 0.9744655502264957,
  "altPolicy1": 0.9764922052010092,
  "altPolicy2": 0.9521295379818869
}