{
  "altPolicy3": 0.5293872061099262,
  "solnPolicy": 0.5487992546304035,
  "altPolicy1": 0.5817918967045733,
  "altPolicy2": 0.5978612240333737
}