{
  "solnPolicy": 0.4822303037395561,
  "altPolicy1": 0.5243743892375933
}