{
  "solnPolicy": 0.9856384974031654,
  "altPolicy1": 0.9387249359714548,
  "altPolicy2": 1.0
}