{
  "solnPolicy": 0.9718987006285362,
  "altPolicy1": 0.9969473229503877,
  "altPolicy2": 0.9339677250052808
}