{
  "agentPolicy3": 0.8984911662362532,
  "agentPolicy4": 0.902151549086017,
  "agentPolicy5": 0.7939700665315714,
  "agentPolicy0": 1.0,
  "agentPolicy1": 0.9661578413978783,
  "agentPolicy2": 0.9548959269106069
}