{
  "solnPolicy": 0.9605728249538451,
  "altPolicy1": 0.9822770722261879,
  "altPolicy2": 0.9349645083290911
}