{
  "solnPolicy": 0.9243474300493633,
  "altPolicy1": 0.9561111812421035
}