{
  "solnPolicy": 0.7842029309868978,
  "altPolicy1": 0.8473123756824236
}