{
  "choicePolicy0": 1.0,
  "choicePolicy1": 0.9597440934032978,
  "choicePolicy2": 0.9803933444633666,
  "choicePolicy3": 0.874095266031235,
  "choicePolicy4": 0.8954705601003903
}