{
  "solnPolicy": 0.9646484734134473,
  "altPolicy1": 0.9167790371367001,
  "altPolicy2": 0.9873246667091707
}