{
  "solnPolicy": 1.0,
  "altPolicy1": 0.9764922052010092,
  "altPolicy2": 0.9191141687972872
}