{
  "agentPolicy0": 1.0,
  "agentPolicy1": 0.8268457173872479,
  "agentPolicy2": 0.9614793983469433
}