{
  "agentPolicy0": 1.0,
  "agentPolicy1": 0.9872927614248718,
  "agentPolicy2": 0.9084831296407332
}