{
  "0.1 E[collision]": 2.0628492283188105,
  "1 intrusive-penalty": 13.752328188792067,
  "1 minute": 1.0
}