{
  "solnPolicy": 0.982872411516531,
  "altPolicy1": 1.0,
  "altPolicy2": 0.9753924991565527
}