{
  "solnPolicy": 0.76602601889678,
  "altPolicy1": 0.7530964809800257,
  "altPolicy2": 0.8066200409859343
}