{
  "solnPolicy": 0.8439380968575474,
  "altPolicy1": 0.7803601124672729,
  "altPolicy2": 0.9746569590747834
}