{
  "solnPolicy": 0.7692904256933204,
  "altPolicy1": 0.7758521804894184,
  "altPolicy2": 0.7858058530974085
}