{
  "altPolicy3": 0.9953848109775063,
  "solnPolicy": 1.0,
  "altPolicy1": 0.9762274858588849,
  "altPolicy2": 0.992979731001385
}