{
  "solnPolicy": 0.956889652677512,
  "altPolicy1": 0.9816708539623398,
  "altPolicy2": 0.7978062575365684
}