{
  "0.1 E[collision]": 23.665191177537274,
  "1 intrusive-penalty": 39.441985295895456,
  "1 minute": 1.0
}