{
  "agentPolicy3": 0.9731503643754594,
  "agentPolicy4": 0.7910060880984194,
  "agentPolicy5": 0.8536799829869961,
  "agentPolicy6": 0.8068998582934004,
  "agentPolicy0": 1.0,
  "agentPolicy1": 0.9638352663852473,
  "agentPolicy2": 0.8572513841259152
}