{
  "agentPolicy3": 0.9031163880631522,
  "agentPolicy4": 0.8679526495122724,
  "agentPolicy5": 0.7342825397414577,
  "agentPolicy6": 0.9544635512352567,
  "agentPolicy0": 1.0,
  "agentPolicy1": 0.8658114059590014,
  "agentPolicy2": 0.8987793855735293,
  "agentPolicy7": 0.9722481199851044
}