{
  "0.1 E[collision]": 1.3147328431965157,
  "1 intrusive-penalty": 26.294656863930307,
  "1 minute": 1.0
}