{
  "solnPolicy": 0.7415248033033925,
  "altPolicy1": 0.7150093955385102,
  "altPolicy2": 0.7665578848649597
}