{
  "solnPolicy": 0.98935910335597,
  "altPolicy1": 1.0,
  "altPolicy2": 0.863758463215496
}