{
  "solnPolicy": 0.8356777703815339,
  "altPolicy1": 0.8439435724663553,
  "altPolicy2": 0.8859842436712181
}