{
  "solnPolicy": 0.8902984304019242,
  "altPolicy1": 0.8601688097170423
}