{
  "solnPolicy": 0.8716328706764277,
  "altPolicy1": 0.9012518022239785
}