{
  "solnPolicy": 0.94183137936262,
  "altPolicy1": 0.8439173634414355,
  "altPolicy2": 0.9955552290942685
}