{
  "solnPolicy": 0.9798578461932249,
  "altPolicy1": 0.9251319542353237,
  "altPolicy2": 0.9837437436208478
}