{
  "agentPolicy3": 0.9928710035274341,
  "agentPolicy0": 1.0,
  "agentPolicy1": 0.9655729329573931,
  "agentPolicy2": 0.9119620296828064
}