{
  "0.1 E[collision]": 29.581488971921594,
  "1 intrusive-penalty": 49.30248161986932,
  "1 minute": 1.0
}