{
  "agentPolicy3": 0.9188638816145083,
  "agentPolicy4": 0.8409766500763921,
  "agentPolicy5": 0.9002902102389909,
  "agentPolicy6": 0.9780405771208652,
  "agentPolicy0": 1.0,
  "agentPolicy1": 0.6971658510409824,
  "agentPolicy2": 0.8651477738694222,
  "agentPolicy7": 0.7169162615666553
}