{
  "agentPolicy3": 0.9706023323004052,
  "agentPolicy4": 0.9848151688629143,
  "agentPolicy5": 0.9546926936914628,
  "agentPolicy6": 0.9898378577572802,
  "agentPolicy0": 1.0,
  "agentPolicy1": 0.9747515559080584,
  "agentPolicy2": 0.9493950863812285
}