{
  "0.1 E[collision]": 3.944198529589546,
  "1 intrusive-penalty": 13.147328431965153,
  "1 minute": 1.0
}