{
  "solnPolicy": 0.9394532426578897,
  "altPolicy1": 0.854265375870573,
  "altPolicy2": 0.9536039025310216
}