{
  "solnPolicy": 0.9911569232803801,
  "altPolicy1": 0.9860915590328069,
  "altPolicy2": 0.6261253804419267
}