{
  "solnPolicy": 0.965255279309377,
  "altPolicy1": 0.9080537143063513
}