{
  "solnPolicy": 0.9655503166780022,
  "altPolicy1": 0.9570453265590161,
  "altPolicy2": 1.0
}