{
  "solnPolicy": 0.6791294897371483,
  "altPolicy1": 0.6923805925600947,
  "altPolicy2": 0.7763699012503821
}