{
  "agentPolicy3": 0.845993776450907,
  "agentPolicy4": 0.8001681092315112,
  "agentPolicy5": 0.7079377088549362,
  "agentPolicy6": 0.9673269083760915,
  "agentPolicy0": 1.0,
  "agentPolicy1": 0.6956086792138055,
  "agentPolicy2": 0.7685341979122475,
  "agentPolicy7": 0.7844530134327591,
  "agentPolicy8": 0.7316054968721296
}