{
  "agentPolicy0": 1.0,
  "agentPolicy1": 0.794310055656529,
  "agentPolicy2": 0.8877113427678418
}