{
  "solnPolicy": 0.9867460693166947,
  "altPolicy1": 0.9934011978812486
}