{
  "solnPolicy": 0.9360618619974167,
  "altPolicy1": 0.9466033361774013,
  "altPolicy2": 0.8915420086502158
}