{
  "solnPolicy": 0.8171815195434063,
  "altPolicy1": 0.850217902227621
}