{
  "solnPolicy": 0.8695420942547104,
  "altPolicy1": 0.904512323335811,
  "altPolicy2": 0.8247756467479292
}