{
  "altPolicy3": 0.8344747890483322,
  "solnPolicy": 0.8247756467479292,
  "altPolicy1": 0.8695420942547104,
  "altPolicy2": 0.7103921614575975
}