{
  "solnPolicy": 1.0,
  "altPolicy1": 0.9542166637876532,
  "altPolicy2": 0.9923897422774974
}