{
  "solnPolicy": 1.0,
  "altPolicy1": 0.9102330527057041,
  "altPolicy2": 0.9959810482776579
}