{
  "altPolicy3": 0.5487992546304035,
  "solnPolicy": 0.5293872061099262,
  "altPolicy1": 0.5622597456255575,
  "altPolicy2": 0.34263076530260617
}