{
  "agentPolicy0": 1.0,
  "agentPolicy1": 0.8837432973638171,
  "agentPolicy2": 0.7931638167891405
}