{
  "0.1 E[collision]": 12.37709536991286,
  "1 intrusive-penalty": 13.752328188792067,
  "1 minute": 1.0
}