{
  "altPolicy3": 1.0,
  "solnPolicy": 0.9995750756971475,
  "altPolicy1": 0.9699589364387415,
  "altPolicy2": 0.8667989933671756
}