{
  "solnPolicy": 0.9967279101335538,
  "altPolicy1": 1.0,
  "altPolicy2": 0.9873992604234285
}