{
  "solnPolicy": 0.8519961750026173,
  "altPolicy1": 0.8194194681552269,
  "altPolicy2": 0.9361471297224434
}