{
  "altPolicy3": 0.7079377088549362,
  "solnPolicy": 0.7316054968721296,
  "altPolicy1": 0.7685341979122475,
  "altPolicy2": 0.5544607371181188
}