{
  "agentPolicy3": 0.9881049681663272,
  "agentPolicy4": 0.9655097584726459,
  "agentPolicy5": 0.9178441816633768,
  "agentPolicy6": 0.8899622902671864,
  "agentPolicy0": 1.0,
  "agentPolicy1": 0.9542152275129937,
  "agentPolicy2": 0.9066171701329285
}