{
  "agentPolicy3": 0.9179879609093391,
  "agentPolicy4": 0.9261639616711671,
  "agentPolicy0": 1.0,
  "agentPolicy1": 0.9798383111603105,
  "agentPolicy2": 0.9482218729629269
}