{
  "0.1 E[collision]": 14.790744485960797,
  "1 intrusive-penalty": 98.60496323973864,
  "1 minute": 1.0
}