{
  "solnPolicy": 0.8519513819105168,
  "altPolicy1": 0.9020496616500896,
  "altPolicy2": 0.8019306720055352
}