{
  "solnPolicy": 0.6555962314427575,
  "altPolicy1": 0.7043038275317538,
  "altPolicy2": 0.6156494174503606
}