{
  "solnPolicy": 0.980785935297943,
  "altPolicy1": 0.9699600568699706,
  "altPolicy2": 0.7906059567488488
}