{
  "solnPolicy": 0.6822128763680189,
  "altPolicy1": 0.7035482253816387,
  "altPolicy2": 0.7697313536939433
}