{
  "solnPolicy": 0.8273469104550105,
  "altPolicy1": 0.823280517114446,
  "altPolicy2": 0.951188478576049
}