{
  "agentPolicy3": 0.8823323461515086,
  "agentPolicy4": 0.9272475011877717,
  "agentPolicy5": 0.9938297065170149,
  "agentPolicy6": 0.9571081018205787,
  "agentPolicy0": 1.0,
  "agentPolicy1": 0.9088068618413476,
  "agentPolicy2": 0.9353380840036607
}