{
  "agentPolicy3": 0.9019593907426455,
  "agentPolicy4": 0.8194194681552269,
  "agentPolicy5": 0.7077023914482728,
  "agentPolicy6": 0.9361471297224434,
  "agentPolicy0": 1.0,
  "agentPolicy1": 0.8496858764609398,
  "agentPolicy2": 0.8519961750026173,
  "agentPolicy7": 0.9474967732400208
}