{
  "0.1 E[collision]": 0.04000000000000001,
  "1 intrusive-penalty": 0.06666666666666667,
  "1 minute": 0.010141477336883094
}