{
  "0.1 E[collision]": 3.9441985295895465,
  "1 intrusive-penalty": 6.573664215982576,
  "1 minute": 1.0
}