{
  "solnPolicy": 0.8394001507022739,
  "altPolicy1": 0.721708684261603,
  "altPolicy2": 0.8984911662362532
}