{
  "solnPolicy": 0.5622597456255575,
  "altPolicy1": 0.596941806992882,
  "altPolicy2": 0.5487992546304035
}