{
  "solnPolicy": 1.0,
  "altPolicy1": 0.9825233176858148,
  "altPolicy2": 0.9741180612299464
}