{
  "altPolicy3": 0.9597655049689228,
  "solnPolicy": 0.9361471297224434,
  "altPolicy1": 0.8496858764609398,
  "altPolicy2": 0.8995000587915356
}