{
  "solnPolicy": 0.69540847258592,
  "altPolicy1": 0.626774769394794,
  "altPolicy2": 0.8754615041620204
}