{
  "agentPolicy0": 1.0,
  "agentPolicy1": 0.8125133485723207,
  "agentPolicy2": 0.7101457400325887
}