{
  "agentPolicy3": 0.6634347672783839,
  "agentPolicy4": 0.9261957962136894,
  "agentPolicy5": 0.8315039791019683,
  "agentPolicy6": 0.9995750756971475,
  "agentPolicy0": 1.0,
  "agentPolicy1": 0.8667989933671756,
  "agentPolicy2": 0.9891718265504762,
  "agentPolicy7": 0.8707636623053826,
  "agentPolicy8": 0.8110759123664546
}