{
  "0.1 E[collision]": 24.75419073982572,
  "1 intrusive-penalty": 41.2569845663762,
  "1 minute": 1.0
}