{
  "0.1 E[collision]": 0.06,
  "1 intrusive-penalty": 0.09999999999999999,
  "1 minute": 0.0024238320141675707
}