{
  "choicePolicy0": 1.0,
  "choicePolicy1": 0.9584039731629523,
  "choicePolicy2": 0.964891002591732,
  "choicePolicy3": 0.9865443483913825
}