{
  "choicePolicy0": 0.9584039731629523,
  "choicePolicy1": 0.964891002591732,
  "choicePolicy2": 0.9865443483913825,
  "choicePolicy3": 1.0
}