{
  "solnPolicy": 0.8496858764609398,
  "altPolicy1": 0.8690977656843257,
  "altPolicy2": 0.819385997065793
}