{
  "solnPolicy": 0.9661578413978783,
  "altPolicy1": 0.9462464612861066
}