{
  "solnPolicy": 1.0,
  "altPolicy1": 0.9925309750862972,
  "altPolicy2": 0.9939295962695718
}