{
  "choicePolicy0": 0.9525964089453544,
  "choicePolicy1": 0.8253330275800603,
  "choicePolicy2": 1.0
}