{
  "solnPolicy": 0.5978612240333737,
  "altPolicy1": 0.6372281259377452,
  "altPolicy2": 0.7084138486156543
}