{
  "solnPolicy": 1.0,
  "altPolicy1": 0.9873246667091707,
  "altPolicy2": 0.9982253086308261
}