{
  "solnPolicy": 0.722775988207121,
  "altPolicy1": 0.7582398202381522,
  "altPolicy2": 0.6851813233538842
}