{
  "solnPolicy": 0.7915509587765082,
  "altPolicy1": 0.7150093955385102,
  "altPolicy2": 0.8956895612533535
}