{
  "agentPolicy3": 0.9816537225962314,
  "agentPolicy4": 0.8758517509023089,
  "agentPolicy5": 0.8705255496680862,
  "agentPolicy6": 0.69540847258592,
  "agentPolicy0": 1.0,
  "agentPolicy1": 0.8678772162759693,
  "agentPolicy2": 0.9971662756684209
}