{
  "0.1 E[collision]": 14.790744485960797,
  "1 intrusive-penalty": 16.43416053995644,
  "1 minute": 1.0
}