{
  "solnPolicy": 0.9795425766567749,
  "altPolicy1": 1.0,
  "altPolicy2": 0.944653808204823
}