{
  "agentPolicy3": 0.9584486418527586,
  "agentPolicy4": 0.9950136592087536,
  "agentPolicy0": 1.0,
  "agentPolicy1": 0.9109444020521589,
  "agentPolicy2": 0.9750832626229392
}