{
  "0.1 E[collision]": 9.860496323973868,
  "1 intrusive-penalty": 32.86832107991288,
  "1 minute": 1.0
}