{
  "agentPolicy3": 0.9360618619974167,
  "agentPolicy4": 0.9718987006285362,
  "agentPolicy5": 0.8473123756824236,
  "agentPolicy6": 0.9893490933979735,
  "agentPolicy0": 1.0,
  "agentPolicy1": 0.9969473229503877,
  "agentPolicy2": 0.7842029309868978
}