{
  "agentPolicy3": 0.8047556527075218,
  "agentPolicy4": 0.8928557742178221,
  "agentPolicy5": 0.880012819879906,
  "agentPolicy0": 1.0,
  "agentPolicy1": 0.9451870420804139,
  "agentPolicy2": 0.8809175160626466
}