{
  "choicePolicy0": 1.0,
  "choicePolicy1": 0.9517058245313819,
  "choicePolicy2": 0.9024947479283479,
  "choicePolicy3": 0.8720230731930786,
  "choicePolicy4": 0.8324212442987516
}