{
  "solnPolicy": 0.9998577238180869,
  "altPolicy1": 0.8730495783490253
}