{
  "solnPolicy": 1.0,
  "altPolicy1": 0.9948440815312654,
  "altPolicy2": 0.9911569232803801
}