{
  "solnPolicy": 0.9985842547157017,
  "altPolicy1": 0.9714733214975749,
  "altPolicy2": 0.9925309750862972
}