{
  "solnPolicy": 0.9638416462735121,
  "altPolicy1": 0.9689015434760249,
  "altPolicy2": 0.9656382675579895
}