{
  "solnPolicy": 0.9626735816195666,
  "altPolicy1": 0.9167790371367001,
  "altPolicy2": 0.9982253086308261
}