{
  "choicePolicy0": 1.0,
  "choicePolicy1": 0.9106409577453687,
  "choicePolicy2": 0.9920432597851844,
  "choicePolicy3": 0.9639115318248898
}