{
  "choicePolicy0": 0.9639115318248898,
  "choicePolicy1": 1.0,
  "choicePolicy2": 0.9106409577453687,
  "choicePolicy3": 0.9920432597851844
}