{
  "choicePolicy0": 0.9076589566227675,
  "choicePolicy1": 0.9850939656314661,
  "choicePolicy2": 1.0
}