{
  "solnPolicy": 0.9822770722261879,
  "altPolicy1": 0.9946498676313423,
  "altPolicy2": 0.9605728249538451
}