{
  "solnPolicy": 0.9702667245106591,
  "altPolicy1": 0.9385683855670707,
  "altPolicy2": 1.0
}