{
  "agentPolicy0": 1.0,
  "agentPolicy1": 0.9958249459,
  "agentPolicy2": 0.9867460693166947
}