{
  "solnPolicy": 0.996117783732485,
  "altPolicy1": 0.9764526535423775,
  "altPolicy2": 1.0
}