{
  "choicePolicy0": 0.8636026735614488,
  "choicePolicy1": 0.9770758356645819,
  "choicePolicy2": 1.0
}