{
  "solnPolicy": 0.375016665782583,
  "altPolicy1": 0.36920340303839644,
  "altPolicy2": 0.4575086098684302
}