{
  "agentPolicy3": 0.9040978918562617,
  "agentPolicy4": 0.9276289823227154,
  "agentPolicy5": 0.8664284285014188,
  "agentPolicy0": 1.0,
  "agentPolicy1": 0.8411315724518115,
  "agentPolicy2": 0.8816530196930272
}