{
  "0.1 E[collision]": 1.146027349066006,
  "1 intrusive-penalty": 22.920546981320115,
  "1 minute": 1.0
}