{
  "solnPolicy": 0.845993776450907,
  "altPolicy1": 0.8377232683502002
}