{
  "solnPolicy": 0.7965668406045634,
  "altPolicy1": 0.6155783052495802,
  "altPolicy2": 0.8920475498072494
}