{
  "choicePolicy0": 0.8225225896587633,
  "choicePolicy1": 0.9034329085868041,
  "choicePolicy2": 0.9136088086470906,
  "choicePolicy3": 0.9773371348377233,
  "choicePolicy4": 1.0
}