{
  "solnPolicy": 0.8596950038999198,
  "altPolicy1": 0.8810399243428092,
  "altPolicy2": 0.8494836423066094
}