{
  "solnPolicy": 0.966300613612574,
  "altPolicy1": 0.9270903873235097,
  "altPolicy2": 0.9882943248133773
}