{
  "solnPolicy": 0.8596482117240654,
  "altPolicy1": 0.9246592763731516
}