{
  "altPolicy3": 1.0,
  "solnPolicy": 0.9297413830524165,
  "altPolicy1": 0.9362495149311022,
  "altPolicy2": 0.6897129629421218
}