{
  "agentPolicy3": 0.9536201824675815,
  "agentPolicy4": 0.8738154108399175,
  "agentPolicy0": 1.0,
  "agentPolicy1": 0.8346280722619759,
  "agentPolicy2": 0.9034821901654846
}