{
  "0.1 E[collision]": 2.4651240809934665,
  "1 intrusive-penalty": 2.739026756659407,
  "1 minute": 1.0
}