{
  "agentPolicy3": 0.9266914815002142,
  "agentPolicy0": 1.0,
  "agentPolicy1": 0.9907141886970977,
  "agentPolicy2": 0.957298700103444
}