{
  "agentPolicy3": 0.9378313802277771,
  "agentPolicy4": 0.9895344290393657,
  "agentPolicy0": 1.0,
  "agentPolicy1": 0.9814551940494313,
  "agentPolicy2": 0.9018362778645941
}