{
  "agentPolicy3": 0.9917023532714273,
  "agentPolicy4": 0.9990337482502424,
  "agentPolicy0": 1.0,
  "agentPolicy1": 0.9814813792859048,
  "agentPolicy2": 0.9950923893832515
}