{
  "0.1 E[collision]": 1.6434160539956448,
  "1 intrusive-penalty": 32.86832107991289,
  "1 minute": 1.0
}