{
  "solnPolicy": 0.916178337928573,
  "altPolicy1": 0.9441950624270017
}