{
  "altPolicy3": 0.8806885561436543,
  "solnPolicy": 0.9272179074928489,
  "altPolicy1": 0.96098616751136,
  "altPolicy2": 0.8859823456761621
}