{
  "solnPolicy": 0.6634347672783839,
  "altPolicy1": 0.7026941166048328
}