{
  "solnPolicy": 0.5933885906558121,
  "altPolicy1": 0.655171769012453
}