{
  "agentPolicy3": 0.8502326133773377,
  "agentPolicy4": 0.7666558186900302,
  "agentPolicy5": 0.9267572847266187,
  "agentPolicy0": 1.0,
  "agentPolicy1": 0.8802217030655132,
  "agentPolicy2": 0.7159454970093677
}