{
  "0.1 E[collision]": 1.146027349066006,
  "1 intrusive-penalty": 3.8200911635533523,
  "1 minute": 1.0
}