{
  "solnPolicy": 0.6038512421601692,
  "altPolicy1": 0.6798108986016335,
  "altPolicy2": 0.5408557034932694
}