{
  "solnPolicy": 0.9134350985898285,
  "altPolicy1": 0.936299170451322
}