{
  "choicePolicy0": 1.0,
  "choicePolicy1": 0.8203400961268265,
  "choicePolicy2": 0.9480292092621737,
  "choicePolicy3": 0.6333412354999906,
  "choicePolicy4": 0.7090100086385652
}