{
  "solnPolicy": 0.8286747434463387,
  "altPolicy1": 0.8505272820980246,
  "altPolicy2": 0.8583882896034766
}