{
  "solnPolicy": 0.9544324320291236,
  "altPolicy1": 0.8081337577030963
}