{
  "solnPolicy": 1.0,
  "altPolicy1": 0.9917496775795189,
  "altPolicy2": 0.9383875691693631
}