{
  "solnPolicy": 0.9373231709057602,
  "altPolicy1": 0.9663551476465344,
  "altPolicy2": 0.8515692060946614
}