{
  "solnPolicy": 0.8707079341492757,
  "altPolicy1": 0.8938768581653646,
  "altPolicy2": 0.9252608784976996
}