{
  "solnPolicy": 0.8678772162759693,
  "altPolicy1": 0.626774769394794,
  "altPolicy2": 0.9971662756684209
}