{
  "solnPolicy": 0.902151549086017,
  "altPolicy1": 0.8984911662362532,
  "altPolicy2": 0.9260030538879793
}