{
  "solnPolicy": 0.9819718352941701,
  "altPolicy1": 0.9602453729196355,
  "altPolicy2": 0.9938034009818385
}