{
  "solnPolicy": 0.7943263480739482,
  "altPolicy1": 0.795129673778931,
  "altPolicy2": 0.7854683348303986
}