{
  "altPolicy3": 0.9839684806306708,
  "solnPolicy": 0.9892424827997964,
  "altPolicy1": 0.9384252080398215,
  "altPolicy2": 0.9812230849351188
}