{
  "solnPolicy": 0.9731354138778443,
  "altPolicy1": 0.983887433668639,
  "altPolicy2": 0.9535815973106295
}