{
  "agentPolicy3": 0.9649281784856966,
  "agentPolicy4": 0.9153471705048538,
  "agentPolicy0": 1.0,
  "agentPolicy1": 0.9346981271149072,
  "agentPolicy2": 0.896405001453993
}