{
  "agentPolicy3": 0.9611672580722153,
  "agentPolicy4": 0.9778859893696192,
  "agentPolicy0": 1.0,
  "agentPolicy1": 0.8112012199295396,
  "agentPolicy2": 0.8758558215195367
}