{
  "agentPolicy3": 0.9605393527544793,
  "agentPolicy4": 0.9756938950172952,
  "agentPolicy5": 0.9908538037144545,
  "agentPolicy0": 1.0,
  "agentPolicy1": 0.9246592763731516,
  "agentPolicy2": 0.8596482117240654
}