{
  "0.1 E[collision]": 1.6434160539956448,
  "1 intrusive-penalty": 5.478053513318814,
  "1 minute": 1.0
}