{
  "solnPolicy": 0.9655097584726459,
  "altPolicy1": 1.0,
  "altPolicy2": 0.9543154931439856
}