{
  "solnPolicy": 0.8778245236721877,
  "altPolicy1": 0.8827218262842107,
  "altPolicy2": 0.8602386864709856
}