{
  "solnPolicy": 0.43224862240629286,
  "altPolicy1": 0.4776040379521587,
  "altPolicy2": 0.3704564270069968
}