{
  "solnPolicy": 0.9611672580722153,
  "altPolicy1": 0.9237835399880373,
  "altPolicy2": 0.9778859893696192
}