{
  "solnPolicy": 1.0,
  "altPolicy1": 0.6560596681695114,
  "altPolicy2": 0.9804178634496635
}