{
  "solnPolicy": 1.0,
  "altPolicy1": 0.9673269083760915,
  "altPolicy2": 0.854732865706312
}