{
  "solnPolicy": 1.0,
  "altPolicy1": 0.9793606896803034,
  "altPolicy2": 0.9750867217543189
}