{
  "agentPolicy3": 0.833861266331929,
  "agentPolicy0": 1.0,
  "agentPolicy1": 0.9769380348052112,
  "agentPolicy2": 0.899002139303565
}