{
  "solnPolicy": 0.8375645501782044,
  "altPolicy1": 0.8091114037692864,
  "altPolicy2": 0.9542166637876532
}