{
  "collision": 0.6000000000000001,
  "travelTime": 138.8625899807392,
  "intrusiveness": {
    "non-intrusive": 6.0,
    "very-intrusive": 1.0,
    "somewhat-intrusive": 5.0
  }
}