{
  "agentPolicy0": 1.0,
  "agentPolicy1": 0.9624508822731633,
  "agentPolicy2": 0.9831549220007637
}