{
  "agentPolicy0": 1.0,
  "agentPolicy1": 0.711071008988453,
  "agentPolicy2": 0.8146789873479069
}