{
  "0.1 E[collision]": 4.12569845663762,
  "1 intrusive-penalty": 13.752328188792067,
  "1 minute": 1.0
}