{
  "solnPolicy": 0.797117062476085,
  "altPolicy1": 0.8544497929967758
}