{
  "solnPolicy": 0.9750559160966407,
  "altPolicy1": 0.9873992604234285,
  "altPolicy2": 0.9586386640413037
}