{
  "solnPolicy": 0.9977892384827803,
  "altPolicy1": 0.9709248417851447,
  "altPolicy2": 1.0
}