{
  "altPolicy3": 0.9745075383580869,
  "solnPolicy": 0.9639584511632538,
  "altPolicy1": 0.9731354138778443,
  "altPolicy2": 0.9447680561607785
}