{
  "altPolicy3": 0.9768932383390252,
  "solnPolicy": 1.0,
  "altPolicy1": 0.9844501137535963,
  "altPolicy2": 0.9301095328477277
}