{
  "agentPolicy3": 0.9723722845945745,
  "agentPolicy4": 0.836978678606857,
  "agentPolicy0": 1.0,
  "agentPolicy1": 0.9240324776119593,
  "agentPolicy2": 0.9142482697418748
}