{
  "agentPolicy3": 0.9819718352941701,
  "agentPolicy4": 0.9978822809973936,
  "agentPolicy0": 1.0,
  "agentPolicy1": 0.9602453729196355,
  "agentPolicy2": 0.9892943970915913
}