{
  "0.1 E[collision]": 4.930248161986934,
  "1 intrusive-penalty": 49.30248161986932,
  "1 minute": 1.0
}