{
  "solnPolicy": 0.6690703344818061,
  "altPolicy1": 0.6507886817780373,
  "altPolicy2": 0.7414803699781823
}