{
  "agentPolicy3": 0.9361577734378411,
  "agentPolicy4": 0.9970972676179094,
  "agentPolicy5": 0.9761791311308174,
  "agentPolicy6": 0.9626735816195666,
  "agentPolicy0": 1.0,
  "agentPolicy1": 0.9646484734134473,
  "agentPolicy2": 0.9873246667091707
}