{
  "choicePolicy0": 0.9782838195399661,
  "choicePolicy1": 0.9817903348115145,
  "choicePolicy2": 0.9930617749784806,
  "choicePolicy3": 1.0
}