{
  "choicePolicy0": 1.0,
  "choicePolicy1": 0.9782838195399661,
  "choicePolicy2": 0.9817903348115145,
  "choicePolicy3": 0.9930617749784806
}