{
  "altPolicy3": 0.772032480561419,
  "solnPolicy": 0.8357194948637789,
  "altPolicy1": 0.8570409970760736,
  "altPolicy2": 0.8707079341492757
}