{
  "solnPolicy": 0.7077023914482728,
  "altPolicy1": 0.7459607458466635
}