{
  "altPolicy3": 0.96098616751136,
  "solnPolicy": 0.9959810482776579,
  "altPolicy1": 1.0,
  "altPolicy2": 0.9503492110773218
}