{
  "solnPolicy": 0.9039819871710134,
  "altPolicy1": 0.8911169264823708,
  "altPolicy2": 0.9363958029816873
}