{
  "solnPolicy": 0.9728227411261963,
  "altPolicy1": 0.9367711824310425,
  "altPolicy2": 1.0
}