{
  "agentPolicy3": 0.6062522251875386,
  "agentPolicy4": 0.767825375526802,
  "agentPolicy5": 0.8159125943808073,
  "agentPolicy0": 1.0,
  "agentPolicy1": 0.8794101777432064,
  "agentPolicy2": 0.5171608249992967
}