{
  "0.1 E[collision]": 20.6284922831881,
  "1 intrusive-penalty": 34.380820471980165,
  "1 minute": 1.0
}