{
  "solnPolicy": 0.9572009193123244,
  "altPolicy1": 0.9387249359714548,
  "altPolicy2": 0.947115202505463
}