{
  "choicePolicy0": 1.0,
  "choicePolicy1": 0.8159016778838211,
  "choicePolicy2": 0.7154208478900841
}