{
  "solnPolicy": 0.9969473229503877,
  "altPolicy1": 0.9466033361774013,
  "altPolicy2": 1.0
}