{
  "solnPolicy": 0.9722481199851044,
  "altPolicy1": 0.9542428220894976,
  "altPolicy2": 1.0
}