{
  "altPolicy3": 0.8348333788713694,
  "solnPolicy": 0.7414803699781823,
  "altPolicy1": 0.6690703344818061,
  "altPolicy2": 0.539804354343783
}