{
  "solnPolicy": 0.9264540696189997,
  "altPolicy1": 0.9619080240133979,
  "altPolicy2": 0.8819225944759314
}