{
  "solnPolicy": 0.6984894743106105,
  "altPolicy1": 0.7017945380079096,
  "altPolicy2": 0.7773675510386047
}