{
  "choicePolicy0": 1.0,
  "choicePolicy1": 0.8604408650498353,
  "choicePolicy2": 0.8865630368741675,
  "choicePolicy3": 0.7139674880294387,
  "choicePolicy4": 0.7735983117694597
}