{
  "altPolicy3": 0.6980056331033673,
  "solnPolicy": 0.694078019624659,
  "altPolicy1": 0.7700182397400982,
  "altPolicy2": 0.6026827232135671
}