{
  "solnPolicy": 0.9672185117067155,
  "altPolicy1": 0.9744462025081227
}