{
  "solnPolicy": 1.0,
  "altPolicy1": 0.9971663797059312,
  "altPolicy2": 0.9990337482502424
}