{
  "solnPolicy": 0.9893490933979735,
  "altPolicy1": 0.9933798495456768,
  "altPolicy2": 0.9339677250052808
}