{
  "altPolicy3": 0.9903118832252034,
  "solnPolicy": 0.8558589858395287,
  "altPolicy1": 0.8546902819254486,
  "altPolicy2": 0.585082733159095
}