{
  "agentPolicy3": 0.852450442039061,
  "agentPolicy4": 0.9352911512970973,
  "agentPolicy5": 0.9459354806470287,
  "agentPolicy0": 1.0,
  "agentPolicy1": 0.9540392350095681,
  "agentPolicy2": 0.8078203483452822
}