{
  "agentPolicy3": 0.822774672367934,
  "agentPolicy4": 0.31354537737628535,
  "agentPolicy5": 0.589554323034754,
  "agentPolicy6": 0.375016665782583,
  "agentPolicy0": 1.0,
  "agentPolicy1": 0.9672185117067155,
  "agentPolicy2": 0.4575086098684302,
  "agentPolicy7": 0.7898530806346079
}