{
  "0.1 E[collision]": 6.876164094396034,
  "1 intrusive-penalty": 22.92054698132011,
  "1 minute": 1.0
}