{
  "solnPolicy": 0.7665578848649597,
  "altPolicy1": 0.8029277806958195,
  "altPolicy2": 0.7415248033033925
}