{
  "solnPolicy": 0.9542152275129937,
  "altPolicy1": 0.842652584807295,
  "altPolicy2": 1.0
}