{
  "solnPolicy": 0.9970972676179094,
  "altPolicy1": 0.9774046718471147,
  "altPolicy2": 0.9869809294890193
}