{
  "choicePolicy0": 0.9566044522807835,
  "choicePolicy1": 1.0,
  "choicePolicy2": 0.9804837689702098
}