{
  "solnPolicy": 0.9715270724633868,
  "altPolicy1": 0.9384274514976684,
  "altPolicy2": 1.0
}