{
  "choicePolicy0": 0.9426669937972185,
  "choicePolicy1": 0.9986532730767288,
  "choicePolicy2": 0.8125220584767403,
  "choicePolicy3": 1.0
}