{
  "choicePolicy0": 0.9986532730767288,
  "choicePolicy1": 0.8125220584767403,
  "choicePolicy2": 1.0,
  "choicePolicy3": 0.9426669937972185
}