{
  "solnPolicy": 1.0,
  "altPolicy1": 0.9919384753529039,
  "altPolicy2": 0.9946498676313423
}