{
  "altPolicy3": 0.8138892615197033,
  "solnPolicy": 0.8329949294389356,
  "altPolicy1": 0.9296748300543057,
  "altPolicy2": 0.8494836423066094
}