{
  "choicePolicy0": 0.8719164080993672,
  "choicePolicy1": 0.823493293952699,
  "choicePolicy2": 0.9599517595849331,
  "choicePolicy3": 1.0,
  "choicePolicy4": 0.9415920700195013
}