{
  "solnPolicy": 0.9892943970915913,
  "altPolicy1": 0.917465458505542,
  "altPolicy2": 0.9913757842867511
}