{
  "choicePolicy0": 0.9878028849516916,
  "choicePolicy1": 0.8549109201871126,
  "choicePolicy2": 1.0,
  "choicePolicy3": 0.9178846000286595
}