{
  "choicePolicy0": 0.8549109201871126,
  "choicePolicy1": 1.0,
  "choicePolicy2": 0.9178846000286595,
  "choicePolicy3": 0.9878028849516916
}