{
  "solnPolicy": 0.7315548312136076,
  "altPolicy1": 0.7196001947585202,
  "altPolicy2": 0.8045590845673752
}