{
  "altPolicy3": 0.9531625999963985,
  "solnPolicy": 0.9261957962136894,
  "altPolicy1": 0.8110759123664546,
  "altPolicy2": 0.8847540330839161
}