{
  "agentPolicy3": 0.966217209837397,
  "agentPolicy4": 0.9263206168093767,
  "agentPolicy0": 1.0,
  "agentPolicy1": 0.9844952291358693,
  "agentPolicy2": 0.8479095282209944
}