{
  "agentPolicy3": 0.9959650742220124,
  "agentPolicy0": 1.0,
  "agentPolicy1": 0.9772124682293757,
  "agentPolicy2": 0.9101249648538877
}