{
  "0.1 E[collision]": 2.465124080993467,
  "1 intrusive-penalty": 16.43416053995644,
  "1 minute": 1.0
}