{
  "solnPolicy": 0.6156494174503606,
  "altPolicy1": 0.5552309154172073,
  "altPolicy2": 0.6555962314427575
}