{
  "solnPolicy": 1.0,
  "altPolicy1": 0.9841130592893889,
  "altPolicy2": 0.990709657545139
}