{
  "solnPolicy": 0.9778097588768411,
  "altPolicy1": 0.9914247673434831,
  "altPolicy2": 0.9763309257460608
}