{
  "solnPolicy": 0.8546902819254486,
  "altPolicy1": 0.8465649629321702,
  "altPolicy2": 0.9903118832252034
}