{
  "solnPolicy": 0.8601688097170423,
  "altPolicy1": 0.8795056565411217
}