{
  "solnPolicy": 0.8809175160626466,
  "altPolicy1": 0.8299722753994996,
  "altPolicy2": 0.9112228552206304
}