{
  "agentPolicy3": 0.8963018322797797,
  "agentPolicy4": 0.9461086122701691,
  "agentPolicy5": 0.9509848809546831,
  "agentPolicy6": 0.960666302966266,
  "agentPolicy0": 1.0,
  "agentPolicy1": 0.982872411516531,
  "agentPolicy2": 0.9506523910646095,
  "agentPolicy7": 0.9842355800581305
}