{
  "0.1 E[collision]": 3.438082047198017,
  "1 intrusive-penalty": 11.460273490660057,
  "1 minute": 1.0
}