{
  "solnPolicy": 0.9474967732400208,
  "altPolicy1": 0.9244711251933998,
  "altPolicy2": 1.0
}