{
  "solnPolicy": 0.9506523910646095,
  "altPolicy1": 0.9577562889522846
}