{
  "altPolicy3": 0.7763699012503821,
  "solnPolicy": 0.664262406942799,
  "altPolicy1": 0.6791294897371483,
  "altPolicy2": 0.4122079873242373
}