{
  "solnPolicy": 0.8613957072296657,
  "altPolicy1": 0.8029277806958195,
  "altPolicy2": 0.9075927682576248
}