{
  "solnPolicy": 0.9296748300543057,
  "altPolicy1": 0.9059400569422604,
  "altPolicy2": 0.9502604090023566
}