{
  "solnPolicy": 0.919284860868689,
  "altPolicy1": 0.9945565218031058,
  "altPolicy2": 0.9184572281084493
}