{
  "solnPolicy": 0.6798108986016335,
  "altPolicy1": 0.7688311216721074,
  "altPolicy2": 0.6038512421601692
}