{
  "choicePolicy0": 0.8108318007314081,
  "choicePolicy1": 0.9709878458568023,
  "choicePolicy2": 1.0,
  "choicePolicy3": 0.7964062912823229,
  "choicePolicy4": 0.9678827016314862
}