{
  "solnPolicy": 0.9814813792859048,
  "altPolicy1": 0.9917023532714273
}