{
  "solnPolicy": 0.9570453265590161,
  "altPolicy1": 0.9655503166780022,
  "altPolicy2": 0.8709561759994187
}