{
  "solnPolicy": 0.9471199276337205,
  "altPolicy1": 0.90181940779018,
  "altPolicy2": 0.9764526535423775
}