{
  "solnPolicy": 0.8049930752855291,
  "altPolicy1": 0.8439173634414355
}