{
  "solnPolicy": 0.8209535260139139,
  "altPolicy1": 0.7829595390427602,
  "altPolicy2": 0.854423753905749
}