{
  "solnPolicy": 0.8787226450650522,
  "altPolicy1": 0.9126618127313364
}