{
  "agentPolicy3": 0.8639884995057147,
  "agentPolicy4": 0.896222228492418,
  "agentPolicy5": 0.9506606747744301,
  "agentPolicy6": 0.9143976092917157,
  "agentPolicy0": 1.0,
  "agentPolicy1": 0.9884376997153335,
  "agentPolicy2": 0.9682559962759781
}