{
  "0.1 E[collision]": 1.9720992647947733,
  "1 intrusive-penalty": 13.147328431965152,
  "1 minute": 1.0
}