{
  "solnPolicy": 0.3988168076828203,
  "altPolicy1": 0.43711678133563703,
  "altPolicy2": 0.5479882168679966
}