{
  "altPolicy3": 0.9458084230047279,
  "solnPolicy": 1.0,
  "altPolicy1": 0.9626193964008596,
  "altPolicy2": 0.9984648650899802
}