{
  "altPolicy3": 0.664262406942799,
  "solnPolicy": 0.7763699012503821,
  "altPolicy1": 0.7937358794299061,
  "altPolicy2": 0.8596950038999198
}