{
  "choicePolicy0": 0.8212790684515083,
  "choicePolicy1": 0.8915848312836747,
  "choicePolicy2": 0.9343578971680362,
  "choicePolicy3": 0.9407386022244948,
  "choicePolicy4": 1.0
}