{
  "solnPolicy": 0.9584486418527586,
  "altPolicy1": 0.9109444020521589,
  "altPolicy2": 0.9854899467789661
}