{
  "altPolicy3": 0.8873949552577782,
  "solnPolicy": 0.711756759240104,
  "altPolicy1": 0.7146327953413228,
  "altPolicy2": 0.4327941854095384
}