{
  "choicePolicy0": 1.0,
  "choicePolicy1": 0.8776857183027642,
  "choicePolicy2": 0.7868509503281126
}