{
  "altPolicy3": 0.9984648650899802,
  "solnPolicy": 0.9955552290942685,
  "altPolicy1": 0.94183137936262,
  "altPolicy2": 0.8797696307184155
}