{
  "solnPolicy": 0.8705255496680862,
  "altPolicy1": 0.8732118741197908
}