{
  "solnPolicy": 0.9605393527544793,
  "altPolicy1": 0.950918126642442,
  "altPolicy2": 0.9365177708611832
}