{
  "solnPolicy": 0.8133346083979789,
  "altPolicy1": 0.8153289893713145,
  "altPolicy2": 0.9389387682478594
}