{
  "solnPolicy": 0.9626193964008596,
  "altPolicy1": 1.0,
  "altPolicy2": 0.8996057582879617
}