{
  "solnPolicy": 0.9270903873235097,
  "altPolicy1": 0.966300613612574
}