{
  "altPolicy3": 0.8357194948637789,
  "solnPolicy": 0.772032480561419,
  "altPolicy1": 0.7954699076433164,
  "altPolicy2": 0.5195297872320452
}