{
  "solnPolicy": 1.0,
  "altPolicy1": 0.9100469453530228,
  "altPolicy2": 0.9510542525931718
}