{
  "solnPolicy": 1.0,
  "altPolicy1": 0.974708318992519,
  "altPolicy2": 0.97730530850862
}