{
  "choicePolicy0": 1.0,
  "choicePolicy1": 0.7758675832979451,
  "choicePolicy2": 0.6122395319918933,
  "choicePolicy3": 0.9096135459496648,
  "choicePolicy4": 0.7903796900410912
}