{
  "solnPolicy": 0.9917023532714273,
  "altPolicy1": 0.9814813792859048,
  "altPolicy2": 0.9971663797059312
}