{
  "solnPolicy": 0.7146327953413228,
  "altPolicy1": 0.7154657106997102,
  "altPolicy2": 0.8873949552577782
}