{
  "solnPolicy": 0.9756938950172952,
  "altPolicy1": 0.950918126642442,
  "altPolicy2": 0.9749461205050954
}