{
  "altPolicy3": 0.9724772584495985,
  "solnPolicy": 0.9544635512352567,
  "altPolicy1": 0.8658114059590014,
  "altPolicy2": 0.9224028286773635
}