{
  "solnPolicy": 0.9997527084115618,
  "altPolicy1": 0.9361607716312612
}