{
  "agentPolicy0": 1.0,
  "agentPolicy1": 0.9600481311182698,
  "agentPolicy2": 0.8301791774233195
}