{
  "0.1 E[collision]": 1.3752328188792073,
  "1 intrusive-penalty": 4.584109396264023,
  "1 minute": 1.0
}