{
  "altPolicy3": 0.9389387682478594,
  "solnPolicy": 0.8064872441901525,
  "altPolicy1": 0.8133346083979789,
  "altPolicy2": 0.5273113441395982
}