{
  "solnPolicy": 0.7898530806346079,
  "altPolicy1": 0.6635608204114593,
  "altPolicy2": 0.9672185117067155
}