{
  "solnPolicy": 0.9135886125917322,
  "altPolicy1": 0.9102330527057041
}