{
  "solnPolicy": 0.8974349048956362,
  "altPolicy1": 0.8099841895623779,
  "altPolicy2": 1.0
}