{
  "solnPolicy": 1.0,
  "altPolicy1": 0.9805074010662999,
  "altPolicy2": 0.9542152275129937
}