{
  "solnPolicy": 0.6787081317201216,
  "altPolicy1": 0.7322814932023043,
  "altPolicy2": 0.6527544415784965
}