{
  "solnPolicy": 0.8110759123664546,
  "altPolicy1": 0.8316811699952786,
  "altPolicy2": 0.7791180559976386
}