{
  "solnPolicy": 0.8473123756824236,
  "altPolicy1": 0.8896421301784709
}