{
  "solnPolicy": 0.5941995022709723,
  "altPolicy1": 0.5150705092569682,
  "altPolicy2": 0.6897333682009185
}