{
  "solnPolicy": 0.8288761448527263,
  "altPolicy1": 1.0,
  "altPolicy2": 0.4917988016571584
}