{
  "solnPolicy": 1.0,
  "altPolicy1": 0.9975705231756455,
  "altPolicy2": 0.9958249459
}