{
  "solnPolicy": 0.7530964809800257,
  "altPolicy1": 0.76602601889678,
  "altPolicy2": 0.8329949294389356
}