{
  "solnPolicy": 0.9102173696216319,
  "altPolicy1": 0.8531100416741444,
  "altPolicy2": 0.9672185117067155
}