{
  "solnPolicy": 0.5430662560720114,
  "altPolicy1": 0.48517907240688596,
  "altPolicy2": 0.6124070528774452
}