{
  "solnPolicy": 0.7029877363179002,
  "altPolicy1": 0.7364912775589862,
  "altPolicy2": 0.829941498912952
}