{
  "solnPolicy": 0.688544095592893,
  "altPolicy1": 0.6155783052495802,
  "altPolicy2": 0.8626347247237314
}