{
  "altPolicy3": 0.9780405771208652,
  "solnPolicy": 1.0,
  "altPolicy1": 0.9709368847576477,
  "altPolicy2": 0.9584431251921844
}