{
  "solnPolicy": 0.9109444020521589,
  "altPolicy1": 0.9584486418527586
}