{
  "solnPolicy": 0.8305572576981141,
  "altPolicy1": 0.8787226450650522
}