{
  "agentPolicy3": 0.7196001947585202,
  "agentPolicy4": 0.6787081317201216,
  "agentPolicy5": 0.9702667245106591,
  "agentPolicy6": 0.6527544415784965,
  "agentPolicy0": 1.0,
  "agentPolicy1": 0.7315548312136076,
  "agentPolicy2": 0.7651034481348354,
  "agentPolicy7": 0.7512706207482368
}