{
  "agentPolicy3": 0.9959810482776579,
  "agentPolicy4": 0.9272179074928489,
  "agentPolicy5": 0.9135886125917322,
  "agentPolicy6": 0.930700104097472,
  "agentPolicy0": 1.0,
  "agentPolicy1": 0.7683896781817299,
  "agentPolicy2": 0.8806885561436543,
  "agentPolicy7": 0.7885807348916802
}