{
  "0.1 E[collision]": 10.31424614159405,
  "1 intrusive-penalty": 68.76164094396033,
  "1 minute": 1.0
}