{
  "solnPolicy": 0.31354537737628535,
  "altPolicy1": 0.36920340303839644
}