{
  "solnPolicy": 0.9019646144138607,
  "altPolicy1": 0.9118280636433418,
  "altPolicy2": 0.8505272820980246
}