{
  "solnPolicy": 0.8877113427678418,
  "altPolicy1": 0.9286323444871817,
  "altPolicy2": 0.794310055656529
}