{
  "agentPolicy3": 0.7749962536054262,
  "agentPolicy4": 0.7947557346250862,
  "agentPolicy5": 0.9640301221134245,
  "agentPolicy0": 1.0,
  "agentPolicy1": 0.9161501919544477,
  "agentPolicy2": 0.6131037417495095
}