{
  "agentPolicy3": 0.9542166637876532,
  "agentPolicy4": 0.6690703344818061,
  "agentPolicy5": 0.9102173696216319,
  "agentPolicy6": 0.7414803699781823,
  "agentPolicy0": 1.0,
  "agentPolicy1": 0.9672185117067155,
  "agentPolicy2": 0.594334245598457,
  "agentPolicy7": 0.8375645501782044
}