{
  "0.1 E[collision]": 10.31424614159405,
  "1 intrusive-penalty": 11.460273490660056,
  "1 minute": 1.0
}