{
  "0.1 E[collision]": 0.06,
  "1 intrusive-penalty": 0.06666666666666667,
  "1 minute": 0.00581719683400217
}