{
  "solnPolicy": 1.0,
  "altPolicy1": 0.9856384974031654,
  "altPolicy2": 0.9745529927062125
}