{
  "solnPolicy": 0.8928557742178221,
  "altPolicy1": 0.8047556527075218,
  "altPolicy2": 0.9316670841175818
}