{
  "solnPolicy": 1.0,
  "altPolicy1": 0.9789786441983488,
  "altPolicy2": 0.955328737058286
}