{
  "solnPolicy": 1.0,
  "altPolicy1": 0.96194539405032,
  "altPolicy2": 0.8472495159853495
}