{
  "altPolicy3": 0.6207297348305415,
  "solnPolicy": 0.6632729962979446,
  "altPolicy1": 0.7362990129970978,
  "altPolicy2": 0.7084138486156543
}