{
  "altPolicy3": 0.39305907422033237,
  "solnPolicy": 0.3704564270069968,
  "altPolicy1": 0.40327880756115275,
  "altPolicy2": 0.3988168076828203
}