{
  "altPolicy3": 0.7686584586917428,
  "solnPolicy": 0.8001681092315112,
  "altPolicy1": 0.7844530134327591,
  "altPolicy2": 0.8242190493090253
}