{
  "solnPolicy": 0.8984911662362532,
  "altPolicy1": 0.9175371942119002,
  "altPolicy2": 0.8394001507022739
}