{
  "solnPolicy": 0.92450255708728,
  "altPolicy1": 0.9083987485972166,
  "altPolicy2": 0.9938792563188615
}