{
  "solnPolicy": 0.9532420470987046,
  "altPolicy1": 1.0,
  "altPolicy2": 0.9020496616500896
}