{
  "choicePolicy0": 0.8845575965184349,
  "choicePolicy1": 0.9834338622267877,
  "choicePolicy2": 0.8944565237534761,
  "choicePolicy3": 0.996085613731086,
  "choicePolicy4": 1.0
}