{
  "agentPolicy0": 1.0,
  "agentPolicy1": 0.9786767523971266,
  "agentPolicy2": 0.990522185782294
}