{
  "agentPolicy0": 1.0,
  "agentPolicy1": 0.8515692060946614,
  "agentPolicy2": 0.9373231709057602
}