{
  "0.1 E[collision]": 4.125698456637621,
  "1 intrusive-penalty": 41.2569845663762,
  "1 minute": 1.0
}