{
  "altPolicy3": 0.6984894743106105,
  "solnPolicy": 0.7017945380079096,
  "altPolicy1": 0.6980056331033673,
  "altPolicy2": 0.7814634104450338
}