{
  "altPolicy3": 0.980400835524266,
  "solnPolicy": 0.960666302966266,
  "altPolicy1": 0.9461086122701691,
  "altPolicy2": 0.8180739285487645
}