{
  "altPolicy3": 0.9019593907426455,
  "solnPolicy": 1.0,
  "altPolicy1": 0.9743863217241749,
  "altPolicy2": 0.9560300105885842
}