{
  "solnPolicy": 0.9586386640413037,
  "altPolicy1": 0.9750559160966407,
  "altPolicy2": 0.9405233604222757
}