{
  "solnPolicy": 0.8670052268758539,
  "altPolicy1": 0.896257009340873
}