{
  "altPolicy3": 0.9995750756971475,
  "solnPolicy": 1.0,
  "altPolicy1": 0.9891718265504762,
  "altPolicy2": 0.9286808548772569
}