{
  "solnPolicy": 0.8074150607785446,
  "altPolicy1": 0.8478701370923795
}