{
  "solnPolicy": 1.0,
  "altPolicy1": 0.9978822809973936,
  "altPolicy2": 0.9938034009818385
}