{
  "solnPolicy": 0.9761791311308174,
  "altPolicy1": 0.9880861842014232
}