{
  "agentPolicy3": 0.9532247557948064,
  "agentPolicy4": 0.8171815195434063,
  "agentPolicy5": 0.9546090518559677,
  "agentPolicy6": 0.9118930868277274,
  "agentPolicy0": 1.0,
  "agentPolicy1": 0.8716328706764277,
  "agentPolicy2": 0.9795425766567749,
  "agentPolicy7": 0.8719678713728768
}