{
  "0.1 E[collision]": 0.010000000000000002,
  "1 intrusive-penalty": 0.09999999999999999,
  "1 minute": 0.015212216005324637
}