{
  "0.1 E[collision]": 1.0,
  "1 intrusive-penalty": 9.999999999999996,
  "1 minute": 1.5212216005324635
}