{
  "solnPolicy": 0.9241173819478962,
  "altPolicy1": 0.9076550385781763,
  "altPolicy2": 0.8942632749264898
}