{
  "agentPolicy3": 0.6798108986016335,
  "agentPolicy4": 0.6038512421601692,
  "agentPolicy0": 1.0,
  "agentPolicy1": 0.49165134743438205,
  "agentPolicy2": 0.8766357518750376
}