{
  "agentPolicy3": 0.9469469619347644,
  "agentPolicy0": 1.0,
  "agentPolicy1": 0.9495252647295108,
  "agentPolicy2": 0.9832948684024888
}