{
  "agentPolicy3": 0.90181940779018,
  "agentPolicy4": 0.9471199276337205,
  "agentPolicy0": 1.0,
  "agentPolicy1": 0.996117783732485,
  "agentPolicy2": 0.9990961117171832
}