{
  "solnPolicy": 0.9841130592893889,
  "altPolicy1": 0.9751142340564464,
  "altPolicy2": 0.7287504426459182
}