{
  "altPolicy3": 0.8835991745157783,
  "solnPolicy": 0.9074686345199441,
  "altPolicy1": 0.9488715161112287,
  "altPolicy2": 0.9252608784976996
}