{
  "solnPolicy": 0.9971662756684209,
  "altPolicy1": 0.994248734148632,
  "altPolicy2": 0.8678772162759693
}