{
  "solnPolicy": 1.0,
  "altPolicy1": 0.9937195724535951,
  "altPolicy2": 0.9768610779042268
}