{
  "altPolicy3": 0.8356777703815339,
  "solnPolicy": 0.8439435724663553,
  "altPolicy1": 0.8344747890483322,
  "altPolicy2": 0.8952807114635974
}