{
  "solnPolicy": 0.9778859893696192,
  "altPolicy1": 0.9611672580722153,
  "altPolicy2": 0.9825233176858148
}