{
  "solnPolicy": 0.8908741569044816,
  "altPolicy1": 0.9276175003648297,
  "altPolicy2": 0.8439435724663553
}