{
  "solnPolicy": 0.9307340015224955,
  "altPolicy1": 0.9384397110417202,
  "altPolicy2": 0.9166938669205715
}