{
  "altPolicy3": 0.9792925362868125,
  "solnPolicy": 0.922615429553154,
  "altPolicy1": 0.9365209543358145,
  "altPolicy2": 0.6778984209902085
}