{
  "agentPolicy3": 0.7646198851945197,
  "agentPolicy4": 0.7645786457197032,
  "agentPolicy5": 0.6760507617497575,
  "agentPolicy6": 0.7508185752782843,
  "agentPolicy0": 1.0,
  "agentPolicy1": 0.8535571580455583,
  "agentPolicy2": 0.9245359239008164
}