{
  "agentPolicy3": 0.966058323878408,
  "agentPolicy4": 0.9083987485972166,
  "agentPolicy5": 0.8670052268758539,
  "agentPolicy6": 0.9938792563188615,
  "agentPolicy0": 1.0,
  "agentPolicy1": 0.9603448385041934,
  "agentPolicy2": 0.92450255708728,
  "agentPolicy7": 0.9362495149311022
}