{
  "0.1 E[collision]": 11.832595588768637,
  "1 intrusive-penalty": 78.88397059179091,
  "1 minute": 1.0
}