{
  "choicePolicy0": 0.9719816547434311,
  "choicePolicy1": 0.9993290851721075,
  "choicePolicy2": 0.9013630241387249,
  "choicePolicy3": 1.0
}