{
  "choicePolicy0": 0.9993290851721075,
  "choicePolicy1": 0.9013630241387249,
  "choicePolicy2": 1.0,
  "choicePolicy3": 0.9719816547434311
}