{
  "solnPolicy": 0.8719678713728768,
  "altPolicy1": 0.8642167851112792,
  "altPolicy2": 0.8716328706764277
}