{
  "solnPolicy": 0.8917476577595381,
  "altPolicy1": 0.9362549454964602
}