{
  "solnPolicy": 0.9899157511554586,
  "altPolicy1": 1.0,
  "altPolicy2": 0.9619080240133979
}