{
  "solnPolicy": 0.966058323878408,
  "altPolicy1": 0.9617899906336502,
  "altPolicy2": 0.9774352607589553
}