{
  "solnPolicy": 0.9592468002659921,
  "altPolicy1": 0.9331095576623232,
  "altPolicy2": 0.9716275656736488
}