{
  "solnPolicy": 0.9544324320291236,
  "altPolicy1": 0.9238466042840652
}