{
  "altPolicy3": 0.9707117362035195,
  "solnPolicy": 0.9970627851541871,
  "altPolicy1": 0.9959922876423764,
  "altPolicy2": 0.9892705080835307
}