{
  "solnPolicy": 0.7764006920177879,
  "altPolicy1": 0.7112003647303345,
  "altPolicy2": 0.9184572281084493
}