{
  "solnPolicy": 0.9361577734378411,
  "altPolicy1": 0.9761791311308174
}