{
  "solnPolicy": 0.9477478325067821,
  "altPolicy1": 0.9485495123386025,
  "altPolicy2": 0.9388903607870098
}