{
  "agentPolicy3": 0.8725291246373231,
  "agentPolicy4": 0.8505272820980246,
  "agentPolicy5": 0.9019646144138607,
  "agentPolicy6": 0.9267469091031038,
  "agentPolicy0": 1.0,
  "agentPolicy1": 0.9166938669205715,
  "agentPolicy2": 0.8286747434463387,
  "agentPolicy7": 0.9307340015224955
}