{
  "agentPolicy3": 0.9746569590747834,
  "agentPolicy4": 0.699408951948359,
  "agentPolicy5": 0.8209535260139139,
  "agentPolicy6": 0.7868689523957635,
  "agentPolicy0": 1.0,
  "agentPolicy1": 0.854423753905749,
  "agentPolicy2": 0.5933885906558121,
  "agentPolicy7": 0.8439380968575474
}