{
  "0.1 E[collision]": 6.876164094396034,
  "1 intrusive-penalty": 3.8200911635533523,
  "1 minute": 1.0
}