{
  "solnPolicy": 0.9958249459,
  "altPolicy1": 0.9934156886840307,
  "altPolicy2": 0.5732556685825513
}