{
  "solnPolicy": 0.9950136592087536,
  "altPolicy1": 1.0,
  "altPolicy2": 0.979871367823368
}