{
  "solnPolicy": 1.0,
  "altPolicy1": 0.7368015298506131,
  "altPolicy2": 0.9816472461823936
}