{
  "solnPolicy": 0.9459055586491577,
  "altPolicy1": 0.955328737058286,
  "altPolicy2": 0.9058396944616883
}