{
  "solnPolicy": 0.986469752532794,
  "altPolicy1": 0.989405129733516,
  "altPolicy2": 0.9470573971647722
}