{
  "solnPolicy": 1.0,
  "altPolicy1": 0.9888949245954167,
  "altPolicy2": 0.9447680561607785
}