{
  "solnPolicy": 0.9195450108319375,
  "altPolicy1": 0.8542570478235372,
  "altPolicy2": 0.9635855314577398
}