{
  "solnPolicy": 0.835884477581746,
  "altPolicy1": 0.7697313536939433,
  "altPolicy2": 0.8862033943162779
}