{
  "solnPolicy": 0.8479095282209944,
  "altPolicy1": 0.7933383455741402,
  "altPolicy2": 0.8812162368749024
}