{
  "solnPolicy": 0.7512706207482368,
  "altPolicy1": 0.8174703480327404,
  "altPolicy2": 0.7196001947585202
}