{
  "altPolicy3": 0.6851813233538842,
  "solnPolicy": 0.6852929910234188,
  "altPolicy1": 0.722775988207121,
  "altPolicy2": 0.4819770448396132
}