{
  "solnPolicy": 1.0,
  "altPolicy1": 0.9716275656736488,
  "altPolicy2": 0.9931663500486254
}