{
  "0.1 E[collision]": 1.9720992647947733,
  "1 intrusive-penalty": 2.191221405327526,
  "1 minute": 1.0
}