{
  "0.1 E[collision]": 0.03,
  "1 intrusive-penalty": 0.03333333333333333,
  "1 minute": 0.015212216005324637
}