{
  "solnPolicy": 0.8478701370923795,
  "altPolicy1": 0.8847957091722843
}