{
  "solnPolicy": 0.8920475498072494,
  "altPolicy1": 0.9119599548940543,
  "altPolicy2": 0.7965668406045634
}