{
  "solnPolicy": 0.9578950539822972,
  "altPolicy1": 0.9678671655512984
}