{
  "solnPolicy": 0.9458084230047279,
  "altPolicy1": 0.8471090723732722,
  "altPolicy2": 1.0
}