{
  "solnPolicy": 0.9990961117171832,
  "altPolicy1": 0.9479342503479059,
  "altPolicy2": 0.9952208968589572
}