{
  "solnPolicy": 0.9171577279776988,
  "altPolicy1": 0.9217381760435762,
  "altPolicy2": 0.9812230849351188
}