{
  "solnPolicy": 0.8409766500763921,
  "altPolicy1": 0.8571615746782085
}