{
  "choicePolicy0": 0.9547732108228504,
  "choicePolicy1": 1.0,
  "choicePolicy2": 0.9156891829350416
}