{
  "solnPolicy": 0.8789365853880131,
  "altPolicy1": 0.8913108742571568
}