{
  "solnPolicy": 0.9587598377748149,
  "altPolicy1": 0.9745316971463426,
  "altPolicy2": 0.9190685506764515
}