{
  "solnPolicy": 0.9191141687972872,
  "altPolicy1": 0.7373329778487829,
  "altPolicy2": 1.0
}