{
  "solnPolicy": 0.871153781919994,
  "altPolicy1": 0.8955258319818594
}