{
  "solnPolicy": 0.9152797802937107,
  "altPolicy1": 0.8454357655671297,
  "altPolicy2": 0.9349645083290911
}