{
  "solnPolicy": 0.8658114059590014,
  "altPolicy1": 0.8806082934389922,
  "altPolicy2": 0.8393472347103362
}