{
  "solnPolicy": 0.9758567919585769,
  "altPolicy1": 0.9848842010129457
}