{
  "solnPolicy": 0.7937345609820601,
  "altPolicy1": 0.8029618353160791,
  "altPolicy2": 0.7770780565939581
}