{
  "solnPolicy": 0.9488715161112287,
  "altPolicy1": 0.922805582049702,
  "altPolicy2": 0.968341740865844
}