{
  "agentPolicy3": 0.9331095576623232,
  "agentPolicy4": 0.9592468002659921,
  "agentPolicy0": 1.0,
  "agentPolicy1": 0.7519037556414925,
  "agentPolicy2": 0.8258670958103539
}