{
  "agentPolicy3": 0.8325893103616641,
  "agentPolicy0": 1.0,
  "agentPolicy1": 0.9590376489070637,
  "agentPolicy2": 0.8875330922447789
}