{
  "agentPolicy3": 0.8564027885317815,
  "agentPolicy4": 0.9673187824424765,
  "agentPolicy0": 1.0,
  "agentPolicy1": 0.946067470024909,
  "agentPolicy2": 0.7921452278737088
}