{
  "solnPolicy": 0.9461781427343238,
  "altPolicy1": 0.9578950539822972
}