{
  "choicePolicy0": 0.955279196300761,
  "choicePolicy1": 1.0,
  "choicePolicy2": 0.7448183975277218,
  "choicePolicy3": 0.9332773996107637,
  "choicePolicy4": 0.8868675289661013
}