{
  "choicePolicy0": 0.9332773996107637,
  "choicePolicy1": 0.955279196300761,
  "choicePolicy2": 0.8868675289661013,
  "choicePolicy3": 1.0,
  "choicePolicy4": 0.7448183975277218
}