{
  "solnPolicy": 0.9000908519541642,
  "altPolicy1": 0.8812419687844069
}