{
  "solnPolicy": 0.9548959269106069,
  "altPolicy1": 0.9175371942119002,
  "altPolicy2": 0.976436993017852
}