{
  "solnPolicy": 0.9066171701329285,
  "altPolicy1": 0.9178441816633768
}