{
  "choicePolicy0": 0.9004438270670378,
  "choicePolicy1": 0.8416821281165928,
  "choicePolicy2": 1.0,
  "choicePolicy3": 0.7262418660074115,
  "choicePolicy4": 0.848218770217176
}