{
  "solnPolicy": 0.9881049681663272,
  "altPolicy1": 0.9805074010662999,
  "altPolicy2": 0.9690689275665682
}