{
  "solnPolicy": 0.8194194681552269,
  "altPolicy1": 0.8519961750026173,
  "altPolicy2": 0.7081353462225277
}