{
  "solnPolicy": 0.9552771335581611,
  "altPolicy1": 1.0,
  "altPolicy2": 0.9229823808885644
}