{
  "solnPolicy": 0.5866221698475744,
  "altPolicy1": 0.45985836574315186,
  "altPolicy2": 0.6828371055051908
}