{
  "solnPolicy": 0.7921452278737088,
  "altPolicy1": 0.8564027885317815
}