{
  "choicePolicy0": 0.8858742105307105,
  "choicePolicy1": 1.0,
  "choicePolicy2": 0.8140899969672974,
  "choicePolicy3": 0.9034695590685536,
  "choicePolicy4": 0.9884396860356214
}