{
  "altPolicy3": 0.7557883519603397,
  "solnPolicy": 0.7946528437516052,
  "altPolicy1": 0.8187035190483044,
  "altPolicy2": 0.829941498912952
}