{
  "solnPolicy": 0.7795272526204519,
  "altPolicy1": 0.8687569895875348,
  "altPolicy2": 0.7017945380079096
}