{
  "solnPolicy": 0.823280517114446,
  "altPolicy1": 0.8273469104550105,
  "altPolicy2": 0.8233612783459157
}