{
  "solnPolicy": 0.9246592763731516,
  "altPolicy1": 0.9503413886267639
}