{
  "solnPolicy": 0.946067470024909,
  "altPolicy1": 0.9058173514568165,
  "altPolicy2": 0.9673187824424765
}