{
  "solnPolicy": 1.0,
  "altPolicy1": 0.996117783732485,
  "altPolicy2": 0.9952208968589572
}