{
  "solnPolicy": 0.9722104544542871,
  "altPolicy1": 0.9860611753984738
}