{
  "altPolicy3": 0.8651477738694222,
  "solnPolicy": 0.9188638816145083,
  "altPolicy1": 0.9584431251921844,
  "altPolicy2": 0.8510175012386766
}