{
  "altPolicy3": 0.6486493823364631,
  "solnPolicy": 0.5602798689071824,
  "altPolicy1": 0.5124300526845799,
  "altPolicy2": 0.3917470697127414
}