{
  "solnPolicy": 0.9563193864341502,
  "altPolicy1": 0.9724457741824533
}