{
  "solnPolicy": 0.9945565218031058,
  "altPolicy1": 0.9889817235801237,
  "altPolicy2": 0.9025207409533876
}