{
  "choicePolicy0": 0.9507789257433348,
  "choicePolicy1": 0.6858139284651262,
  "choicePolicy2": 0.7159886582864049,
  "choicePolicy3": 1.0,
  "choicePolicy4": 0.7322907326398896
}