{
  "solnPolicy": 1.0,
  "altPolicy1": 0.9959848754816245,
  "altPolicy2": 0.9882943248133773
}