{
  "choicePolicy0": 1.0,
  "choicePolicy1": 0.9163642222751259,
  "choicePolicy2": 0.8528388132673648,
  "choicePolicy3": 0.8817650375788989,
  "choicePolicy4": 0.9270626236736009
}