{
  "solnPolicy": 0.9780405771208652,
  "altPolicy1": 0.8571615746782085,
  "altPolicy2": 1.0
}