{
  "altPolicy3": 0.982872411516531,
  "solnPolicy": 1.0,
  "altPolicy1": 0.980400835524266,
  "altPolicy2": 0.9922581522083779
}