{
  "choicePolicy0": 0.8378158605307445,
  "choicePolicy1": 1.0,
  "choicePolicy2": 0.7007206866266232,
  "choicePolicy3": 0.9461945606645821
}