{
  "choicePolicy0": 1.0,
  "choicePolicy1": 0.7007206866266232,
  "choicePolicy2": 0.9461945606645821,
  "choicePolicy3": 0.8378158605307445
}