{
  "solnPolicy": 0.7519037556414925,
  "altPolicy1": 0.8258670958103539
}