{
  "solnPolicy": 1.0,
  "altPolicy1": 0.9911227592910958,
  "altPolicy2": 0.9826984583738803
}