{
  "solnPolicy": 0.8019306720055352,
  "altPolicy1": 0.8519513819105168,
  "altPolicy2": 0.7550115841422075
}