{
  "agentPolicy3": 0.871153781919994,
  "agentPolicy4": 0.9892424827997964,
  "agentPolicy5": 0.98935910335597,
  "agentPolicy6": 0.9656382675579895,
  "agentPolicy0": 1.0,
  "agentPolicy1": 0.9171577279776988,
  "agentPolicy2": 0.9638416462735121,
  "agentPolicy7": 0.9384252080398215,
  "agentPolicy8": 0.946681669275514
}