{
  "agentPolicy0": 1.0,
  "agentPolicy1": 0.9800676894974231,
  "agentPolicy2": 0.9091143921616394
}