{
  "agentPolicy0": 1.0,
  "agentPolicy1": 0.8917476577595381,
  "agentPolicy2": 0.9977892384827803
}