{
  "0.1 E[collision]": 0.010000000000000002,
  "1 intrusive-penalty": 0.19999999999999998,
  "1 minute": 0.00727149604250271
}