{
  "0.1 E[collision]": 1.3752328188792073,
  "1 intrusive-penalty": 27.504656377584137,
  "1 minute": 1.0
}