{
  "altPolicy3": 0.9748651464042826,
  "solnPolicy": 1.0,
  "altPolicy1": 0.9809622081716339,
  "altPolicy2": 0.9031163880631522
}