{
  "solnPolicy": 0.9816537225962314,
  "altPolicy1": 0.8705255496680862
}