{
  "solnPolicy": 0.9968795292181317,
  "altPolicy1": 0.9556730576056132,
  "altPolicy2": 0.993960590004361
}