{
  "altPolicy3": 0.8616923118631732,
  "solnPolicy": 0.8725291246373231,
  "altPolicy1": 0.9267469091031038,
  "altPolicy2": 0.7882965821705787
}