{
  "solnPolicy": 0.90181940779018,
  "altPolicy1": 0.9471199276337205
}