{
  "solnPolicy": 1.0,
  "altPolicy1": 0.98935910335597,
  "altPolicy2": 0.9892424827997964
}