{
  "agentPolicy3": 0.9584193065903407,
  "agentPolicy4": 0.9745529927062125,
  "agentPolicy5": 0.9572009193123244,
  "agentPolicy0": 1.0,
  "agentPolicy1": 0.8787226450650522,
  "agentPolicy2": 0.8305572576981141
}