{
  "agentPolicy3": 0.7703390500045944,
  "agentPolicy4": 0.723127948015013,
  "agentPolicy5": 0.9407394435138936,
  "agentPolicy6": 0.6344702077663457,
  "agentPolicy0": 1.0,
  "agentPolicy1": 0.6156494174503606,
  "agentPolicy2": 0.6555962314427575
}