{
  "0.1 E[collision]": 0.020000000000000004,
  "1 intrusive-penalty": 0.13333333333333333,
  "1 minute": 0.008113181869506474
}