{
  "solnPolicy": 1.0,
  "altPolicy1": 0.998373619345411,
  "altPolicy2": 0.9975221982335246
}