{
  "agentPolicy3": 0.7881194666458803,
  "agentPolicy4": 0.7549172728424243,
  "agentPolicy5": 0.9703144354578614,
  "agentPolicy0": 1.0,
  "agentPolicy1": 0.9289614960194038,
  "agentPolicy2": 0.723828110604906
}