{
  "0.1 E[collision]": 1.7190410235990086,
  "1 intrusive-penalty": 1.9100455817766762,
  "1 minute": 1.0
}