{
  "solnPolicy": 0.7954699076433164,
  "altPolicy1": 0.814763404053112,
  "altPolicy2": 0.8357194948637789
}