{
  "solnPolicy": 0.9508237417300088,
  "altPolicy1": 0.9750604764436624
}