{
  "solnPolicy": 0.9535677941265404,
  "altPolicy1": 0.9061641587729077,
  "altPolicy2": 1.0
}