{
  "agentPolicy0": 1.0,
  "agentPolicy1": 0.9985084152548146,
  "agentPolicy2": 0.9243474300493633
}