{
  "agentPolicy3": 0.9899157511554586,
  "agentPolicy4": 0.8819225944759314,
  "agentPolicy0": 1.0,
  "agentPolicy1": 0.9264540696189997,
  "agentPolicy2": 0.7995294182214536
}