{
  "agentPolicy3": 0.8476419942420202,
  "agentPolicy0": 1.0,
  "agentPolicy1": 0.9791477348957228,
  "agentPolicy2": 0.9079759168978467
}