{
  "solnPolicy": 0.8844022951880262,
  "altPolicy1": 0.8794863804103057,
  "altPolicy2": 0.9474650291512302
}