{
  "choicePolicy0": 0.91597480701278,
  "choicePolicy1": 0.981886927811284,
  "choicePolicy2": 1.0
}