{
  "choicePolicy0": 0.937893643787555,
  "choicePolicy1": 0.9932503866631791,
  "choicePolicy2": 0.8841073489948316,
  "choicePolicy3": 1.0,
  "choicePolicy4": 0.9168879506961128
}