{
  "choicePolicy0": 1.0,
  "choicePolicy1": 0.937893643787555,
  "choicePolicy2": 0.9168879506961128,
  "choicePolicy3": 0.8841073489948316,
  "choicePolicy4": 0.9932503866631791
}