{
  "altPolicy3": 0.8558589858395287,
  "solnPolicy": 0.9903118832252034,
  "altPolicy1": 0.9794197681843434,
  "altPolicy2": 1.0
}