{
  "solnPolicy": 0.9860914713680212,
  "altPolicy1": 0.9670450766711529,
  "altPolicy2": 1.0
}