{
  "solnPolicy": 0.9762274858588849,
  "altPolicy1": 0.9718286353176816,
  "altPolicy2": 0.9695359116135837
}