{
  "solnPolicy": 0.9002902102389909,
  "altPolicy1": 0.7968497870517458,
  "altPolicy2": 0.9188638816145083
}