{
  "solnPolicy": 0.7187653688024604,
  "altPolicy1": 0.7204398562263791,
  "altPolicy2": 0.7695023711492781
}