{
  "altPolicy3": 0.8712179647275812,
  "solnPolicy": 0.7868689523957635,
  "altPolicy1": 0.699408951948359,
  "altPolicy2": 0.5880335837263977
}