{
  "altPolicy3": 0.5881998213015407,
  "solnPolicy": 0.4575086098684302,
  "altPolicy1": 0.375016665782583,
  "altPolicy2": 0.2835496897981363
}