{
  "solnPolicy": 1.0,
  "altPolicy1": 0.9504860816851866,
  "altPolicy2": 0.9746569590747834
}