{
  "choicePolicy0": 0.7689970314447017,
  "choicePolicy1": 0.7637719012374466,
  "choicePolicy2": 1.0,
  "choicePolicy3": 0.7504637398098536,
  "choicePolicy4": 0.8580104962369293
}