{
  "solnPolicy": 0.8699378437242937,
  "altPolicy1": 0.8783382580827575,
  "altPolicy2": 0.8911169264823708
}