{
  "solnPolicy": 0.589554323034754,
  "altPolicy1": 0.575313596237974,
  "altPolicy2": 0.822774672367934
}