{
  "solnPolicy": 0.8455623172656394,
  "altPolicy1": 0.7665578848649597,
  "altPolicy2": 0.8956895612533535
}