{
  "solnPolicy": 0.4507301812712048,
  "altPolicy1": 0.47741293543004815,
  "altPolicy2": 0.45985836574315186
}