{
  "solnPolicy": 0.6971658510409824,
  "altPolicy1": 0.74205146209637
}