{
  "choicePolicy0": 0.8898167821955466,
  "choicePolicy1": 1.0,
  "choicePolicy2": 0.7551918623503996,
  "choicePolicy3": 0.9740836926789566
}