{
  "choicePolicy0": 1.0,
  "choicePolicy1": 0.7551918623503996,
  "choicePolicy2": 0.9740836926789566,
  "choicePolicy3": 0.8898167821955466
}