{
  "altPolicy3": 0.8354170611209348,
  "solnPolicy": 0.7858058530974085,
  "altPolicy1": 0.7692904256933204,
  "altPolicy2": 0.6223536384178793
}