{
  "solnPolicy": 0.6344702077663457,
  "altPolicy1": 0.5552309154172073,
  "altPolicy2": 0.7856266945542089
}