{
  "agentPolicy3": 0.9744655502264957,
  "agentPolicy4": 0.9132632825976068,
  "agentPolicy5": 0.7907534893541966,
  "agentPolicy0": 1.0,
  "agentPolicy1": 0.8601688097170423,
  "agentPolicy2": 0.8902984304019242
}