{
  "agentPolicy3": 0.9877680637359362,
  "agentPolicy4": 0.5941995022709723,
  "agentPolicy5": 0.5866221698475744,
  "agentPolicy6": 0.5601072529871011,
  "agentPolicy0": 1.0,
  "agentPolicy1": 0.4507301812712048,
  "agentPolicy2": 0.45985836574315186
}