{
  "agentPolicy3": 0.9680017258566186,
  "agentPolicy4": 0.8877486551663695,
  "agentPolicy0": 1.0,
  "agentPolicy1": 0.9041952831256777,
  "agentPolicy2": 0.9793060276349429
}