{
  "altPolicy3": 0.9039819871710134,
  "solnPolicy": 0.8911169264823708,
  "altPolicy1": 0.8354170611209348,
  "altPolicy2": 0.922598644898504
}