{
  "altPolicy3": 0.8064872441901525,
  "solnPolicy": 0.9389387682478594,
  "altPolicy1": 0.9415977089372903,
  "altPolicy2": 0.986469752532794
}