{
  "solnPolicy": 0.8542570478235372,
  "altPolicy1": 0.9195450108319375
}