{
  "choicePolicy0": 1.0,
  "choicePolicy1": 0.9650075527373589,
  "choicePolicy2": 0.9843608670849564
}