{
  "solnPolicy": 0.8758558215195367,
  "altPolicy1": 0.8112012199295396,
  "altPolicy2": 0.9237835399880373
}