{
  "solnPolicy": 0.9914247673434831,
  "altPolicy1": 0.9826984583738803,
  "altPolicy2": 0.9482044930315444
}