{
  "solnPolicy": 0.9789786441983488,
  "altPolicy1": 0.9092692019327339,
  "altPolicy2": 1.0
}