{
  "solnPolicy": 0.49165134743438205,
  "altPolicy1": 0.44028946891447246,
  "altPolicy2": 0.5408557034932694
}