{
  "solnPolicy": 0.7939700665315714,
  "altPolicy1": 0.721708684261603,
  "altPolicy2": 0.9260030538879793
}