{
  "solnPolicy": 0.594334245598457,
  "altPolicy1": 0.6507886817780373
}