{
  "agentPolicy0": 1.0,
  "agentPolicy1": 0.4970624821441511,
  "agentPolicy2": 0.6336286435816146
}