{
  "altPolicy3": 0.9795425766567749,
  "solnPolicy": 1.0,
  "altPolicy1": 0.9636657608187433,
  "altPolicy2": 0.9766019317370958
}