{
  "solnPolicy": 0.9990337482502424,
  "altPolicy1": 1.0,
  "altPolicy2": 0.9960510284576573
}