{
  "altPolicy3": 0.9984378341590311,
  "solnPolicy": 0.9938792563188615,
  "altPolicy1": 0.9603448385041934,
  "altPolicy2": 0.9774352607589553
}