{
  "altPolicy3": 1.0,
  "solnPolicy": 0.9542166637876532,
  "altPolicy1": 0.8348333788713694,
  "altPolicy2": 0.9472848848831742
}