{
  "solnPolicy": 0.7885807348916802,
  "altPolicy1": 0.8018009721598417,
  "altPolicy2": 0.7683896781817299
}