{
  "solnPolicy": 0.9673187824424765,
  "altPolicy1": 0.946067470024909,
  "altPolicy2": 0.97730530850862
}