{
  "solnPolicy": 0.9388903607870098,
  "altPolicy1": 0.9459063650735862
}