{
  "solnPolicy": 0.9985084152548146,
  "altPolicy1": 0.9802098690638087,
  "altPolicy2": 1.0
}