{
  "solnPolicy": 0.966217209837397,
  "altPolicy1": 0.9896840282074966,
  "altPolicy2": 0.9263206168093767
}