{
  "solnPolicy": 0.9130447840281085,
  "altPolicy1": 0.9278813888675346,
  "altPolicy2": 0.6205952753140646
}